24-08-25 00:43:05 | [INFO] __main__ |   Предмет         Понедельник  Вторник   ... Четверг  Пятница  Суббота 
0  --------------  -----------  -------  ...  -------  -------  -------
1      Математика                        ...                           
2         Русский                        ...                           
3     Информатика                        ...                           
4  Обществознание                        ...                           
5       География                        ...                           
6        Биология                        ...                           

[7 rows x 7 columns]
24-08-25 00:43:28 | [INFO] __main__ | 
  Предмет         Понедельник  Вторник   ... Четверг  Пятница  Суббота 
0  --------------  -----------  -------  ...  -------  -------  -------
1      Математика                        ...                           
2         Русский                        ...                           
3     Информатика                        ...                           
4  Обществознание                        ...                           
5       География                        ...                           
6        Биология                        ...                           

[7 rows x 7 columns]
24-08-25 00:43:34 | [INFO] __main__ | 
  Предмет         Понедельник  Вторник  Среда  Четверг  Пятница  Суббота 
0  --------------  -----------  -------  -----  -------  -------  -------
1      Математика                                                        
2         Русский                                                        
3     Информатика                                                        
4  Обществознание                                                        
5       География                                                        
6        Биология                                                        
24-08-25 01:06:49 | [INFO] __main__ | 
  Предмет         Понедельник  Вторник   ... Четверг  Пятница  Суббота 
0  --------------  -----------  -------  ...  -------  -------  -------
1      Математика                        ...                           
2         Русский                        ...                           
3     Информатика                        ...                           
4  Обществознание                        ...                           
5       География                        ...                           
6        Биология                        ...                           

[7 rows x 7 columns]
24-08-25 01:14:20 | [INFO] __main__ | 
  Предмет         Понедельник   ... Пятница         Суббота 
0  --------------  -----------  ...  --------------  -------
1      Математика               ...  123 хуя в жопе         
2         Русский               ...                         
3     Информатика               ...                         
4  Обществознание               ...                         
5       География               ...                         
6        Биология               ...                         

[7 rows x 7 columns]
24-08-25 01:14:20 | [ERROR] src.table_data | Неправильно имя столбца или колонки: <Day.FRIDAY: 'FRIDAY'>
24-08-25 01:14:20 | [INFO] __main__ | 
None
24-08-25 01:15:31 | [INFO] __main__ | 
  Предмет         Понедельник   ... Пятница         Суббота 
0  --------------  -----------  ...  --------------  -------
1      Математика               ...  123 хуя в жопе         
2         Русский               ...                         
3     Информатика               ...                         
4  Обществознание               ...                         
5       География               ...                         
6        Биология               ...                         

[7 rows x 7 columns]
24-08-25 01:15:31 | [ERROR] src.table_data | Неправильно имя столбца или колонки: <Day.FRIDAY: 'Пятница'>
24-08-25 01:15:31 | [INFO] __main__ | 
None
24-08-25 01:15:54 | [INFO] __main__ | 
  Предмет         Понедельник  Вторник  Среда  Четверг  Пятница         Суббота 
0  --------------  -----------  -------  -----  -------  --------------  -------
1      Математика                                        123 хуя в жопе         
2         Русский                                                               
3     Информатика                                                               
4  Обществознание                                                               
5       География                                                               
6        Биология                                                               
24-08-25 01:15:54 | [ERROR] src.table_data | Неправильно имя столбца или колонки: <Day.FRIDAY: 'Пятница'>
24-08-25 01:15:54 | [INFO] __main__ | 
None
24-08-25 01:17:29 | [INFO] __main__ | 
  Предмет         Понедельник  Вторник  Среда  Четверг  Пятница         Суббота 
0  --------------  -----------  -------  -----  -------  --------------  -------
1      Математика                                        123 хуя в жопе         
2         Русский                                                               
3     Информатика                                                               
4  Обществознание                                                               
5       География                                                               
6        Биология                                                               
24-08-25 01:17:29 | [ERROR] src.table_data | Неправильно имя столбца или колонки: 'Пятница'
24-08-25 01:17:29 | [INFO] __main__ | 
None
24-08-25 01:18:00 | [INFO] __main__ | 
  Предмет         Понедельник  Вторник  Среда  Четверг  Пятница         Суббота 
0  --------------  -----------  -------  -----  -------  --------------  -------
1      Математика                                        123 хуя в жопе         
2         Русский                                                               
3     Информатика                                                               
4  Обществознание                                                               
5       География                                                               
6        Биология                                                               
24-08-25 01:18:00 | [ERROR] src.table_data | Неправильно имя столбца или колонки: <Day.FRIDAY: 4>
24-08-25 01:18:00 | [INFO] __main__ | 
None
24-08-25 01:18:46 | [INFO] __main__ | 
  Предмет         Понедельник  Вторник  Среда  Четверг  Пятница         Суббота 
0  --------------  -----------  -------  -----  -------  --------------  -------
1      Математика                                        123 хуя в жопе         
2         Русский                                                               
3     Информатика                                                               
4  Обществознание                                                               
5       География                                                               
6        Биология                                                               
24-08-25 01:18:46 | [ERROR] src.table_data | Неправильно имя столбца или колонки: 4
24-08-25 01:18:46 | [INFO] __main__ | 
None
24-08-25 01:19:14 | [INFO] __main__ | 
  Предмет         Понедельник  Вторник  Среда  Четверг  Пятница         Суббота 
0  --------------  -----------  -------  -----  -------  --------------  -------
1      Математика                                        123 хуя в жопе         
2         Русский                                                               
3     Информатика                                                               
4  Обществознание                                                               
5       География                                                               
6        Биология                                                               
24-08-25 01:19:14 | [ERROR] src.table_data | Неправильно имя столбца или колонки: 'Пятница'
24-08-25 01:19:14 | [INFO] __main__ | 
None
24-08-25 01:21:38 | [INFO] __main__ | 
  Предмет         Понедельник  Вторник  Среда  Четверг  Пятница         Суббота 
0      Математика                                        123 хуя в жопе         
1         Русский                                                               
2     Информатика                                                               
3  Обществознание                                                               
4       География                                                               
5        Биология                                                               
24-08-25 01:21:38 | [ERROR] src.table_data | Неправильно имя столбца или колонки: 'Пятница'
24-08-25 01:21:38 | [INFO] __main__ | 
None
24-08-25 01:23:45 | [INFO] __main__ | 
  Предмет         Понедельник  Вторник  Среда  Четверг  Пятница         Суббота 
0      Математика                                        123 хуя в жопе         
1         Русский                                                               
2     Информатика                                                               
3  Обществознание                                                               
4       География                                                               
5        Биология                                                               
24-08-25 01:23:45 | [ERROR] src.table_data | Неправильно имя столбца или колонки: 'Пятница'
24-08-25 01:23:45 | [INFO] __main__ | 
None
24-08-25 01:24:15 | [INFO] __main__ | 
  Предмет         Понедельник  Вторник  Среда  Четверг  Пятница         Суббота 
0      Математика                                        123 хуя в жопе         
1         Русский                                                               
2     Информатика                                                               
3  Обществознание                                                               
4       География                                                               
5        Биология                                                               
24-08-25 01:24:15 | [ERROR] src.table_data | Неправильно имя столбца или колонки: 'Пятница'
24-08-25 01:24:15 | [INFO] __main__ | 
None
24-08-25 01:27:25 | [INFO] __main__ | 
  Предмет         Понедельник  Вторник  Среда  Четверг  Пятница         Суббота 
0      Математика                                        123 хуя в жопе         
1         Русский                                                               
2     Информатика                                                               
3  Обществознание                                                               
4       География                                                               
5        Биология                                                               
24-08-25 01:27:25 | [ERROR] src.table_data | Неправильно имя столбца или колонки: 'Пятница'
24-08-25 01:27:25 | [INFO] __main__ | 
None
24-08-25 01:29:29 | [INFO] __main__ | 
                Понедельник  Вторник  Среда  Четверг         Пятница  Суббота
Предмет                                                                      
Математика              NaN      NaN    NaN      NaN  123 хуя в жопе      NaN
Русский                 NaN      NaN    NaN      NaN             NaN      NaN
Информатика             NaN      NaN    NaN      NaN             NaN      NaN
Обществознание          NaN      NaN    NaN      NaN             NaN      NaN
География               NaN      NaN    NaN      NaN             NaN      NaN
Биология                NaN      NaN    NaN      NaN             NaN      NaN
24-08-25 01:29:29 | [INFO] __main__ | 
123 хуя в жопе
24-08-25 01:38:08 | [INFO] __main__ | 
                Понедельник  Вторник  ...         Пятница  Суббота
Предмет                               ...                         
Математика              NaN      NaN  ...  123 хуя в жопе      NaN
Русский                 NaN      NaN  ...             NaN      NaN
Информатика             NaN      NaN  ...             NaN      NaN
Обществознание          NaN      NaN  ...             NaN      NaN
География               NaN      NaN  ...             NaN      NaN
Биология                NaN      NaN  ...             NaN      NaN

[6 rows x 6 columns]
24-08-25 01:38:08 | [INFO] __main__ | 
123 хуя в жопе
24-08-25 01:39:35 | [INFO] __main__ | 
               Понедельник Вторник Среда Четверг         Пятница Суббота
Предмет                                                                 
Математика                                        123 хуя в жопе        
Русский                                                                 
Информатика                                                             
Обществознание                                                          
География                                                               
Биология                                                                
24-08-25 01:39:35 | [INFO] __main__ | 
123 хуя в жопе
24-08-25 01:40:14 | [INFO] __main__ | 
                      Понедельник  ...      Суббота
Предмет                            ...             
:---------------  :--------------  ...  :----------
Математика                         ...             
Русский                     Olega  ...             
Информатика                        ...             
Обществознание                     ...             
География                          ...             
Биология                           ...             

[7 rows x 6 columns]
24-08-25 01:40:14 | [INFO] __main__ | 
123 хуя в жопе
24-08-25 01:40:27 | [INFO] __main__ | 
                      Понедельник  ...      Суббота
Предмет                            ...             
:---------------  :--------------  ...  :----------
Математика                         ...             
Русский                     Olega  ...             
Информатика                        ...             
Обществознание                     ...             
География                          ...             
Биология                           ...             

[7 rows x 6 columns]
24-08-25 01:40:27 | [INFO] __main__ | 
123 хуя в жопе
24-08-25 01:41:49 | [INFO] __main__ | 
               Понедельник Вторник Среда Четверг         Пятница Суббота
Предмет                                                                 
Математика                                        123 хуя в жопе        
Русский                                                                 
Информатика                                                             
Обществознание                                                          
География                                                               
Биология                                                                
24-08-25 01:41:49 | [INFO] __main__ | 
123 хуя в жопе
24-08-25 01:42:02 | [INFO] __main__ | 
               Понедельник Вторник Среда Четверг         Пятница Суббота
Предмет                                                                 
Математика                                        123 хуя в жопе        
Русский                                                                 
Информатика                                                             
Обществознание                                                          
География                                                               
Биология                                                                
24-08-25 01:42:02 | [INFO] __main__ | 
123 хуя в жопе
24-08-25 01:42:27 | [INFO] __main__ | 
               Понедельник Вторник Среда Четверг         Пятница Суббота
Предмет                                                                 
Математика                                        123 хуя в жопе        
Русский                                                                 
Информатика                                                             
Обществознание                                                          
География                                                               
Биология                                                                
24-08-25 01:42:27 | [INFO] __main__ | 
123 хуя в жопе
24-08-25 01:42:33 | [INFO] __main__ | 
               Понедельник Вторник Среда Четверг         Пятница Суббота
Предмет                                                                 
Математика                                        123 хуя в жопе        
Русский                                                                 
Информатика                                                             
Обществознание                                                          
География                                                               
Биология                                                                
24-08-25 01:42:33 | [INFO] __main__ | 
123 хуя в жопе
24-08-25 01:42:37 | [INFO] __main__ | 
               Понедельник Вторник Среда Четверг         Пятница Суббота
Предмет                                                                 
Математика                                        123 хуя в жопе        
Русский                                                                 
Информатика                                                             
Обществознание                                                          
География                                                               
Биология                                                                
24-08-25 01:42:37 | [INFO] __main__ | 
123 хуя в жопе
24-08-25 01:42:43 | [INFO] __main__ | 
               Понедельник Вторник Среда Четверг         Пятница Суббота
Предмет                                                                 
Математика                                        123 хуя в жопе        
Русский                                                                 
Информатика                                                             
Обществознание                                                          
География                                                               
Биология                                                                
24-08-25 01:42:43 | [INFO] __main__ | 
123 хуя в жопе
24-08-25 01:42:47 | [INFO] __main__ | 
                      Понедельник  ...      Суббота
Предмет                            ...             
:---------------  :--------------  ...  :----------
Математика                         ...             
Русский                     Olega  ...             
Информатика                        ...             
Обществознание                     ...             
География                          ...             
Биология                           ...             

[7 rows x 6 columns]
24-08-25 01:42:47 | [INFO] __main__ | 
123 хуя в жопе
24-08-25 01:43:03 | [INFO] __main__ | 
                          Понедельник  ...        Суббота
Предмет                                ...               
:-----------------  :----------------  ...  :------------
:---------------      :--------------  ...    :----------
Математика                             ...               
Русский                         Olega  ...               
Информатика                            ...               
Обществознание                         ...               
География                              ...               
Биология                               ...               

[8 rows x 6 columns]
24-08-25 01:43:03 | [INFO] __main__ | 
123 хуя в жопе
24-08-25 01:43:07 | [INFO] __main__ | 
                              Понедельник  ...          Суббота
Предмет                                    ...                 
:-------------------  :------------------  ...  :--------------
:-----------------      :----------------  ...    :------------
:---------------          :--------------  ...      :----------
Математика                                 ...                 
Русский                             Olega  ...                 
Информатика                                ...                 
Обществознание                             ...                 
География                                  ...                 
Биология                                   ...                 

[9 rows x 6 columns]
24-08-25 01:43:07 | [INFO] __main__ | 
123 хуя в жопе
24-08-25 01:43:08 | [INFO] __main__ | 
                                  Понедельник  ...            Суббота
Предмет                                        ...                   
:---------------------  :--------------------  ...  :----------------
:-------------------      :------------------  ...    :--------------
:-----------------          :----------------  ...      :------------
:---------------              :--------------  ...        :----------
Математика                                     ...                   
Русский                                 Olega  ...                   
Информатика                                    ...                   
Обществознание                                 ...                   
География                                      ...                   
Биология                                       ...                   

[10 rows x 6 columns]
24-08-25 01:43:08 | [INFO] __main__ | 
123 хуя в жопе
24-08-25 01:43:22 | [INFO] __main__ | 
               Понедельник Вторник Среда Четверг         Пятница Суббота
Предмет                                                                 
Математика                                        123 хуя в жопе        
Русский                                                                 
Информатика                                                             
Обществознание                                                          
География                                                               
Биология                                                                
24-08-25 01:43:22 | [INFO] __main__ | 
123 хуя в жопе
24-08-25 01:43:26 | [INFO] __main__ | 
                      Понедельник  ...      Суббота
Предмет                            ...             
:---------------  :--------------  ...  :----------
Математика                         ...             
Русский                     Olega  ...             
Информатика                        ...             
Обществознание                     ...             
География                          ...             
Биология                           ...             

[7 rows x 6 columns]
24-08-25 01:43:26 | [INFO] __main__ | 
123 хуя в жопе
24-08-25 01:43:30 | [INFO] __main__ | 
                      Понедельник  ...      Суббота
Предмет                            ...             
:---------------  :--------------  ...  :----------
Математика                         ...             
Русский                     Olega  ...             
Информатика                        ...             
Обществознание                     ...             
География                          ...             
Биология                           ...             

[7 rows x 6 columns]
24-08-25 01:43:30 | [INFO] __main__ | 
123 хуя в жопе
24-08-25 01:44:50 | [INFO] __main__ | 
               Понедельник Вторник Среда Четверг         Пятница Суббота
Предмет                                                                 
Математика                                        123 хуя в жопе        
Русский              Olega                                              
Информатика                                                             
Обществознание                                                          
География                                                               
Биология                                                                
24-08-25 01:44:50 | [INFO] __main__ | 
123 хуя в жопе
24-08-25 01:44:54 | [INFO] __main__ | 
               Понедельник Вторник Среда Четверг         Пятница Суббота
Предмет                                                                 
Математика                                        123 хуя в жопе        
Русский              Olega                                              
Информатика                                                             
Обществознание                                                          
География                                                               
Биология                                                                
24-08-25 01:44:54 | [INFO] __main__ | 
123 хуя в жопе
24-08-25 01:44:57 | [INFO] __main__ | 
               Понедельник Вторник Среда Четверг         Пятница Суббота
Предмет                                                                 
Математика                                        123 хуя в жопе        
Русский              Olega                                              
Информатика                                                             
Обществознание                                                          
География                                                               
Биология                                                                
24-08-25 01:44:57 | [INFO] __main__ | 
123 хуя в жопе
24-08-25 01:45:01 | [INFO] __main__ | 
               Понедельник Вторник Среда Четверг         Пятница Суббота
Предмет                                                                 
Математика                                        123 хуя в жопе        
Русский                                                                 
Информатика                                                             
Обществознание                                                          
География                                                               
Биология                                                                
24-08-25 01:45:01 | [INFO] __main__ | 
123 хуя в жопе
24-08-25 02:00:21 | [INFO] aiogram.dispatcher | Start polling
24-08-25 02:00:22 | [INFO] aiogram.dispatcher | Run polling for bot @crocpatbot id=6976486638 - 'Homework save'
24-08-25 02:00:23 | [INFO] aiogram.event | Update id=732060865 is handled. Duration 325 ms by bot id=6976486638
24-08-25 02:00:34 | [INFO] aiogram.dispatcher | Polling stopped
24-08-25 02:00:34 | [ERROR] aiogram.dispatcher | Failed to fetch updates - TelegramNetworkError: HTTP Client says - ServerDisconnectedError: Server disconnected
24-08-25 02:00:34 | [WARNING] aiogram.dispatcher | Sleep for 1.000000 seconds and try again... (tryings = 0, bot id = 6976486638)
24-08-25 02:00:34 | [INFO] aiogram.dispatcher | Polling stopped for bot @crocpatbot id=6976486638 - 'Homework save'
24-08-25 02:00:34 | [INFO] __main__ | Bot interrupted and stopped.
24-08-25 02:21:27 | [INFO] aiogram.dispatcher | Start polling
24-08-25 02:21:27 | [INFO] aiogram.dispatcher | Run polling for bot @crocpatbot id=6976486638 - 'Homework save'
24-08-25 02:21:34 | [INFO] aiogram.event | Update id=732060866 is handled. Duration 307 ms by bot id=6976486638
24-08-25 02:25:14 | [INFO] aiogram.dispatcher | Polling stopped
24-08-25 02:25:14 | [ERROR] aiogram.dispatcher | Failed to fetch updates - TelegramNetworkError: HTTP Client says - ServerDisconnectedError: Server disconnected
24-08-25 02:25:14 | [WARNING] aiogram.dispatcher | Sleep for 1.000000 seconds and try again... (tryings = 0, bot id = 6976486638)
24-08-25 02:25:14 | [INFO] aiogram.dispatcher | Polling stopped for bot @crocpatbot id=6976486638 - 'Homework save'
24-08-25 02:25:14 | [INFO] __main__ | Bot interrupted and stopped.
24-08-25 02:25:53 | [INFO] aiogram.dispatcher | Start polling
24-08-25 02:25:53 | [INFO] aiogram.dispatcher | Run polling for bot @crocpatbot id=6976486638 - 'Homework save'
24-08-25 02:25:57 | [INFO] aiogram.event | Update id=732060867 is handled. Duration 324 ms by bot id=6976486638
24-08-25 02:27:45 | [INFO] aiogram.dispatcher | Polling stopped
24-08-25 02:27:45 | [ERROR] aiogram.dispatcher | Failed to fetch updates - TelegramNetworkError: HTTP Client says - ServerDisconnectedError: Server disconnected
24-08-25 02:27:45 | [WARNING] aiogram.dispatcher | Sleep for 1.000000 seconds and try again... (tryings = 0, bot id = 6976486638)
24-08-25 02:27:45 | [INFO] aiogram.dispatcher | Polling stopped for bot @crocpatbot id=6976486638 - 'Homework save'
24-08-25 02:27:45 | [INFO] __main__ | Bot interrupted and stopped.
24-08-25 02:27:52 | [INFO] aiogram.dispatcher | Start polling
24-08-25 02:27:52 | [INFO] aiogram.dispatcher | Run polling for bot @crocpatbot id=6976486638 - 'Homework save'
24-08-25 02:27:53 | [INFO] aiogram.event | Update id=732060868 is handled. Duration 1 ms by bot id=6976486638
24-08-25 02:28:02 | [INFO] aiogram.dispatcher | Polling stopped
24-08-25 02:28:02 | [ERROR] aiogram.dispatcher | Failed to fetch updates - TelegramNetworkError: HTTP Client says - ServerDisconnectedError: Server disconnected
24-08-25 02:28:02 | [WARNING] aiogram.dispatcher | Sleep for 1.000000 seconds and try again... (tryings = 0, bot id = 6976486638)
24-08-25 02:28:02 | [INFO] aiogram.dispatcher | Polling stopped for bot @crocpatbot id=6976486638 - 'Homework save'
24-08-25 02:28:02 | [INFO] __main__ | Bot interrupted and stopped.
24-08-25 02:28:11 | [INFO] aiogram.dispatcher | Start polling
24-08-25 02:28:12 | [INFO] aiogram.dispatcher | Run polling for bot @crocpatbot id=6976486638 - 'Homework save'
24-08-25 02:28:12 | [INFO] aiogram.event | Update id=732060869 is handled. Duration 332 ms by bot id=6976486638
24-08-25 02:32:44 | [INFO] aiogram.dispatcher | Polling stopped
24-08-25 02:32:44 | [ERROR] aiogram.dispatcher | Failed to fetch updates - TelegramNetworkError: HTTP Client says - ServerDisconnectedError: Server disconnected
24-08-25 02:32:44 | [WARNING] aiogram.dispatcher | Sleep for 1.000000 seconds and try again... (tryings = 0, bot id = 6976486638)
24-08-25 02:32:44 | [INFO] aiogram.dispatcher | Polling stopped for bot @crocpatbot id=6976486638 - 'Homework save'
24-08-25 02:32:44 | [INFO] __main__ | Bot interrupted and stopped.
24-08-25 02:32:51 | [INFO] aiogram.dispatcher | Start polling
24-08-25 02:32:51 | [INFO] aiogram.dispatcher | Run polling for bot @crocpatbot id=6976486638 - 'Homework save'
24-08-25 02:32:52 | [INFO] aiogram.event | Update id=732060870 is handled. Duration 307 ms by bot id=6976486638
24-08-25 02:33:05 | [INFO] aiogram.dispatcher | Polling stopped
24-08-25 02:33:05 | [ERROR] aiogram.dispatcher | Failed to fetch updates - TelegramNetworkError: HTTP Client says - ServerDisconnectedError: Server disconnected
24-08-25 02:33:05 | [WARNING] aiogram.dispatcher | Sleep for 1.000000 seconds and try again... (tryings = 0, bot id = 6976486638)
24-08-25 02:33:05 | [INFO] aiogram.dispatcher | Polling stopped for bot @crocpatbot id=6976486638 - 'Homework save'
24-08-25 02:33:05 | [INFO] __main__ | Bot interrupted and stopped.
24-08-25 02:34:07 | [INFO] aiogram.dispatcher | Start polling
24-08-25 02:34:07 | [INFO] aiogram.dispatcher | Run polling for bot @crocpatbot id=6976486638 - 'Homework save'
24-08-25 02:34:08 | [INFO] aiogram.event | Update id=732060871 is handled. Duration 455 ms by bot id=6976486638
24-08-25 02:34:17 | [INFO] aiogram.dispatcher | Polling stopped
24-08-25 02:34:17 | [ERROR] aiogram.dispatcher | Failed to fetch updates - TelegramNetworkError: HTTP Client says - ServerDisconnectedError: Server disconnected
24-08-25 02:34:17 | [WARNING] aiogram.dispatcher | Sleep for 1.000000 seconds and try again... (tryings = 0, bot id = 6976486638)
24-08-25 02:34:17 | [INFO] aiogram.dispatcher | Polling stopped for bot @crocpatbot id=6976486638 - 'Homework save'
24-08-25 02:34:17 | [INFO] __main__ | Bot interrupted and stopped.
24-08-25 02:34:23 | [INFO] aiogram.dispatcher | Start polling
24-08-25 02:34:24 | [INFO] aiogram.dispatcher | Run polling for bot @crocpatbot id=6976486638 - 'Homework save'
24-08-25 02:34:24 | [INFO] aiogram.event | Update id=732060872 is handled. Duration 314 ms by bot id=6976486638
24-08-25 02:34:48 | [INFO] aiogram.dispatcher | Polling stopped
24-08-25 02:34:48 | [ERROR] aiogram.dispatcher | Failed to fetch updates - TelegramNetworkError: HTTP Client says - ServerDisconnectedError: Server disconnected
24-08-25 02:34:48 | [WARNING] aiogram.dispatcher | Sleep for 1.000000 seconds and try again... (tryings = 0, bot id = 6976486638)
24-08-25 02:34:48 | [INFO] aiogram.dispatcher | Polling stopped for bot @crocpatbot id=6976486638 - 'Homework save'
24-08-25 02:34:48 | [INFO] __main__ | Bot interrupted and stopped.
24-08-25 02:34:55 | [INFO] aiogram.dispatcher | Start polling
24-08-25 02:34:55 | [INFO] aiogram.dispatcher | Run polling for bot @crocpatbot id=6976486638 - 'Homework save'
24-08-25 02:34:56 | [INFO] aiogram.event | Update id=732060873 is handled. Duration 349 ms by bot id=6976486638
24-08-25 02:35:00 | [INFO] aiogram.dispatcher | Polling stopped
24-08-25 02:35:00 | [ERROR] aiogram.dispatcher | Failed to fetch updates - TelegramNetworkError: HTTP Client says - ServerDisconnectedError: Server disconnected
24-08-25 02:35:00 | [WARNING] aiogram.dispatcher | Sleep for 1.000000 seconds and try again... (tryings = 0, bot id = 6976486638)
24-08-25 02:35:00 | [INFO] aiogram.dispatcher | Polling stopped for bot @crocpatbot id=6976486638 - 'Homework save'
24-08-25 02:35:00 | [INFO] __main__ | Bot interrupted and stopped.
24-08-25 02:35:14 | [INFO] aiogram.dispatcher | Start polling
24-08-25 02:35:14 | [INFO] aiogram.dispatcher | Run polling for bot @crocpatbot id=6976486638 - 'Homework save'
24-08-25 02:35:14 | [INFO] aiogram.event | Update id=732060874 is handled. Duration 313 ms by bot id=6976486638
24-08-25 02:35:21 | [INFO] aiogram.dispatcher | Polling stopped
24-08-25 02:35:21 | [ERROR] aiogram.dispatcher | Failed to fetch updates - TelegramNetworkError: HTTP Client says - ServerDisconnectedError: Server disconnected
24-08-25 02:35:21 | [WARNING] aiogram.dispatcher | Sleep for 1.000000 seconds and try again... (tryings = 0, bot id = 6976486638)
24-08-25 02:35:21 | [INFO] aiogram.dispatcher | Polling stopped for bot @crocpatbot id=6976486638 - 'Homework save'
24-08-25 02:35:21 | [INFO] __main__ | Bot interrupted and stopped.
24-08-25 02:36:10 | [INFO] aiogram.dispatcher | Start polling
24-08-25 02:36:10 | [INFO] aiogram.dispatcher | Run polling for bot @crocpatbot id=6976486638 - 'Homework save'
24-08-25 02:36:10 | [INFO] aiogram.event | Update id=732060875 is handled. Duration 315 ms by bot id=6976486638
24-08-25 02:37:51 | [INFO] aiogram.dispatcher | Polling stopped
24-08-25 02:37:51 | [ERROR] aiogram.dispatcher | Failed to fetch updates - TelegramNetworkError: HTTP Client says - ServerDisconnectedError: Server disconnected
24-08-25 02:37:51 | [WARNING] aiogram.dispatcher | Sleep for 1.000000 seconds and try again... (tryings = 0, bot id = 6976486638)
24-08-25 02:37:51 | [INFO] aiogram.dispatcher | Polling stopped for bot @crocpatbot id=6976486638 - 'Homework save'
24-08-25 02:37:51 | [INFO] __main__ | Bot interrupted and stopped.
24-08-25 02:45:49 | [INFO] aiogram.dispatcher | Start polling
24-08-25 02:45:49 | [INFO] aiogram.dispatcher | Run polling for bot @crocpatbot id=6976486638 - 'Homework save'
24-08-25 02:45:49 | [INFO] aiogram.event | Update id=732060876 is not handled. Duration 0 ms by bot id=6976486638
24-08-25 02:45:49 | [ERROR] aiogram.event | Cause exception while process update id=732060876 by bot id=6976486638
FileNotFoundError: [WinError 3] Системе не удается найти указанный путь: 'F:\\Code\\01 - Learn\\SysRoad\\home_works_bot\\images'
Traceback (most recent call last):
  File "F:\Code\01 - Learn\SysRoad\home_works_bot\.venv\Lib\site-packages\aiogram\dispatcher\dispatcher.py", line 309, in _process_update
    response = await self.feed_update(bot, update, **kwargs)
               ^^^^^^^^^^^^^^^^^^^^^^^^^^^^^^^^^^^^^^^^^^^^^
  File "F:\Code\01 - Learn\SysRoad\home_works_bot\.venv\Lib\site-packages\aiogram\dispatcher\dispatcher.py", line 158, in feed_update
    response = await self.update.wrap_outer_middleware(
               ^^^^^^^^^^^^^^^^^^^^^^^^^^^^^^^^^^^^^^^^
    ...<7 lines>...
    )
    ^
  File "F:\Code\01 - Learn\SysRoad\home_works_bot\.venv\Lib\site-packages\aiogram\dispatcher\middlewares\error.py", line 25, in __call__
    return await handler(event, data)
           ^^^^^^^^^^^^^^^^^^^^^^^^^^
  File "F:\Code\01 - Learn\SysRoad\home_works_bot\.venv\Lib\site-packages\aiogram\dispatcher\middlewares\user_context.py", line 56, in __call__
    return await handler(event, data)
           ^^^^^^^^^^^^^^^^^^^^^^^^^^
  File "F:\Code\01 - Learn\SysRoad\home_works_bot\.venv\Lib\site-packages\aiogram\fsm\middleware.py", line 42, in __call__
    return await handler(event, data)
           ^^^^^^^^^^^^^^^^^^^^^^^^^^
  File "F:\Code\01 - Learn\SysRoad\home_works_bot\.venv\Lib\site-packages\aiogram\dispatcher\event\telegram.py", line 121, in trigger
    return await wrapped_inner(event, kwargs)
           ^^^^^^^^^^^^^^^^^^^^^^^^^^^^^^^^^^
  File "F:\Code\01 - Learn\SysRoad\home_works_bot\.venv\Lib\site-packages\aiogram\dispatcher\event\handler.py", line 43, in call
    return await wrapped()
           ^^^^^^^^^^^^^^^
  File "F:\Code\01 - Learn\SysRoad\home_works_bot\.venv\Lib\site-packages\aiogram\dispatcher\dispatcher.py", line 276, in _listen_update
    return await self.propagate_event(update_type=update_type, event=event, **kwargs)
           ^^^^^^^^^^^^^^^^^^^^^^^^^^^^^^^^^^^^^^^^^^^^^^^^^^^^^^^^^^^^^^^^^^^^^^^^^^
  File "F:\Code\01 - Learn\SysRoad\home_works_bot\.venv\Lib\site-packages\aiogram\dispatcher\router.py", line 146, in propagate_event
    return await observer.wrap_outer_middleware(_wrapped, event=event, data=kwargs)
           ^^^^^^^^^^^^^^^^^^^^^^^^^^^^^^^^^^^^^^^^^^^^^^^^^^^^^^^^^^^^^^^^^^^^^^^^
  File "F:\Code\01 - Learn\SysRoad\home_works_bot\.venv\Lib\site-packages\aiogram\dispatcher\router.py", line 141, in _wrapped
    return await self._propagate_event(
           ^^^^^^^^^^^^^^^^^^^^^^^^^^^^
        observer=observer, update_type=update_type, event=telegram_event, **data
        ^^^^^^^^^^^^^^^^^^^^^^^^^^^^^^^^^^^^^^^^^^^^^^^^^^^^^^^^^^^^^^^^^^^^^^^^
    )
    ^
  File "F:\Code\01 - Learn\SysRoad\home_works_bot\.venv\Lib\site-packages\aiogram\dispatcher\router.py", line 174, in _propagate_event
    response = await router.propagate_event(update_type=update_type, event=event, **kwargs)
               ^^^^^^^^^^^^^^^^^^^^^^^^^^^^^^^^^^^^^^^^^^^^^^^^^^^^^^^^^^^^^^^^^^^^^^^^^^^^
  File "F:\Code\01 - Learn\SysRoad\home_works_bot\.venv\Lib\site-packages\aiogram\dispatcher\router.py", line 146, in propagate_event
    return await observer.wrap_outer_middleware(_wrapped, event=event, data=kwargs)
           ^^^^^^^^^^^^^^^^^^^^^^^^^^^^^^^^^^^^^^^^^^^^^^^^^^^^^^^^^^^^^^^^^^^^^^^^
  File "F:\Code\01 - Learn\SysRoad\home_works_bot\.venv\Lib\site-packages\aiogram\dispatcher\router.py", line 141, in _wrapped
    return await self._propagate_event(
           ^^^^^^^^^^^^^^^^^^^^^^^^^^^^
        observer=observer, update_type=update_type, event=telegram_event, **data
        ^^^^^^^^^^^^^^^^^^^^^^^^^^^^^^^^^^^^^^^^^^^^^^^^^^^^^^^^^^^^^^^^^^^^^^^^
    )
    ^
  File "F:\Code\01 - Learn\SysRoad\home_works_bot\.venv\Lib\site-packages\aiogram\dispatcher\router.py", line 166, in _propagate_event
    response = await observer.trigger(event, **kwargs)
               ^^^^^^^^^^^^^^^^^^^^^^^^^^^^^^^^^^^^^^^
  File "F:\Code\01 - Learn\SysRoad\home_works_bot\.venv\Lib\site-packages\aiogram\dispatcher\event\telegram.py", line 121, in trigger
    return await wrapped_inner(event, kwargs)
           ^^^^^^^^^^^^^^^^^^^^^^^^^^^^^^^^^^
  File "F:\Code\01 - Learn\SysRoad\home_works_bot\.venv\Lib\site-packages\aiogram\dispatcher\event\handler.py", line 43, in call
    return await wrapped()
           ^^^^^^^^^^^^^^^
  File "F:\Code\01 - Learn\SysRoad\home_works_bot\src\handlers.py", line 26, in echo_message
    menu = get_base_menu()
  File "F:\Code\01 - Learn\SysRoad\home_works_bot\src\menus\base.py", line 15, in get_base_menu
    path = dir_path / f"{len([dir_path.iterdir()])}.png"
                              ~~~~~~~~~~~~~~~~^^
  File "C:\Users\Chertila\AppData\Roaming\uv\python\cpython-3.13.3-windows-x86_64-none\Lib\pathlib\_local.py", line 575, in iterdir
    with os.scandir(root_dir) as scandir_it:
         ~~~~~~~~~~^^^^^^^^^^
FileNotFoundError: [WinError 3] Системе не удается найти указанный путь: 'F:\\Code\\01 - Learn\\SysRoad\\home_works_bot\\images'
24-08-25 02:46:14 | [INFO] aiogram.event | Update id=732060877 is not handled. Duration 2195 ms by bot id=6976486638
24-08-25 02:46:14 | [ERROR] aiogram.event | Cause exception while process update id=732060877 by bot id=6976486638
TelegramBadRequest: Telegram server says - Bad Request: invalid file HTTP URL specified: Wrong port number specified in the URL
Traceback (most recent call last):
  File "F:\Code\01 - Learn\SysRoad\home_works_bot\.venv\Lib\site-packages\aiogram\dispatcher\dispatcher.py", line 309, in _process_update
    response = await self.feed_update(bot, update, **kwargs)
               ^^^^^^^^^^^^^^^^^^^^^^^^^^^^^^^^^^^^^^^^^^^^^
  File "F:\Code\01 - Learn\SysRoad\home_works_bot\.venv\Lib\site-packages\aiogram\dispatcher\dispatcher.py", line 158, in feed_update
    response = await self.update.wrap_outer_middleware(
               ^^^^^^^^^^^^^^^^^^^^^^^^^^^^^^^^^^^^^^^^
    ...<7 lines>...
    )
    ^
  File "F:\Code\01 - Learn\SysRoad\home_works_bot\.venv\Lib\site-packages\aiogram\dispatcher\middlewares\error.py", line 25, in __call__
    return await handler(event, data)
           ^^^^^^^^^^^^^^^^^^^^^^^^^^
  File "F:\Code\01 - Learn\SysRoad\home_works_bot\.venv\Lib\site-packages\aiogram\dispatcher\middlewares\user_context.py", line 56, in __call__
    return await handler(event, data)
           ^^^^^^^^^^^^^^^^^^^^^^^^^^
  File "F:\Code\01 - Learn\SysRoad\home_works_bot\.venv\Lib\site-packages\aiogram\fsm\middleware.py", line 42, in __call__
    return await handler(event, data)
           ^^^^^^^^^^^^^^^^^^^^^^^^^^
  File "F:\Code\01 - Learn\SysRoad\home_works_bot\.venv\Lib\site-packages\aiogram\dispatcher\event\telegram.py", line 121, in trigger
    return await wrapped_inner(event, kwargs)
           ^^^^^^^^^^^^^^^^^^^^^^^^^^^^^^^^^^
  File "F:\Code\01 - Learn\SysRoad\home_works_bot\.venv\Lib\site-packages\aiogram\dispatcher\event\handler.py", line 43, in call
    return await wrapped()
           ^^^^^^^^^^^^^^^
  File "F:\Code\01 - Learn\SysRoad\home_works_bot\.venv\Lib\site-packages\aiogram\dispatcher\dispatcher.py", line 276, in _listen_update
    return await self.propagate_event(update_type=update_type, event=event, **kwargs)
           ^^^^^^^^^^^^^^^^^^^^^^^^^^^^^^^^^^^^^^^^^^^^^^^^^^^^^^^^^^^^^^^^^^^^^^^^^^
  File "F:\Code\01 - Learn\SysRoad\home_works_bot\.venv\Lib\site-packages\aiogram\dispatcher\router.py", line 146, in propagate_event
    return await observer.wrap_outer_middleware(_wrapped, event=event, data=kwargs)
           ^^^^^^^^^^^^^^^^^^^^^^^^^^^^^^^^^^^^^^^^^^^^^^^^^^^^^^^^^^^^^^^^^^^^^^^^
  File "F:\Code\01 - Learn\SysRoad\home_works_bot\.venv\Lib\site-packages\aiogram\dispatcher\router.py", line 141, in _wrapped
    return await self._propagate_event(
           ^^^^^^^^^^^^^^^^^^^^^^^^^^^^
        observer=observer, update_type=update_type, event=telegram_event, **data
        ^^^^^^^^^^^^^^^^^^^^^^^^^^^^^^^^^^^^^^^^^^^^^^^^^^^^^^^^^^^^^^^^^^^^^^^^
    )
    ^
  File "F:\Code\01 - Learn\SysRoad\home_works_bot\.venv\Lib\site-packages\aiogram\dispatcher\router.py", line 174, in _propagate_event
    response = await router.propagate_event(update_type=update_type, event=event, **kwargs)
               ^^^^^^^^^^^^^^^^^^^^^^^^^^^^^^^^^^^^^^^^^^^^^^^^^^^^^^^^^^^^^^^^^^^^^^^^^^^^
  File "F:\Code\01 - Learn\SysRoad\home_works_bot\.venv\Lib\site-packages\aiogram\dispatcher\router.py", line 146, in propagate_event
    return await observer.wrap_outer_middleware(_wrapped, event=event, data=kwargs)
           ^^^^^^^^^^^^^^^^^^^^^^^^^^^^^^^^^^^^^^^^^^^^^^^^^^^^^^^^^^^^^^^^^^^^^^^^
  File "F:\Code\01 - Learn\SysRoad\home_works_bot\.venv\Lib\site-packages\aiogram\dispatcher\router.py", line 141, in _wrapped
    return await self._propagate_event(
           ^^^^^^^^^^^^^^^^^^^^^^^^^^^^
        observer=observer, update_type=update_type, event=telegram_event, **data
        ^^^^^^^^^^^^^^^^^^^^^^^^^^^^^^^^^^^^^^^^^^^^^^^^^^^^^^^^^^^^^^^^^^^^^^^^
    )
    ^
  File "F:\Code\01 - Learn\SysRoad\home_works_bot\.venv\Lib\site-packages\aiogram\dispatcher\router.py", line 166, in _propagate_event
    response = await observer.trigger(event, **kwargs)
               ^^^^^^^^^^^^^^^^^^^^^^^^^^^^^^^^^^^^^^^
  File "F:\Code\01 - Learn\SysRoad\home_works_bot\.venv\Lib\site-packages\aiogram\dispatcher\event\telegram.py", line 121, in trigger
    return await wrapped_inner(event, kwargs)
           ^^^^^^^^^^^^^^^^^^^^^^^^^^^^^^^^^^
  File "F:\Code\01 - Learn\SysRoad\home_works_bot\.venv\Lib\site-packages\aiogram\dispatcher\event\handler.py", line 43, in call
    return await wrapped()
           ^^^^^^^^^^^^^^^
  File "F:\Code\01 - Learn\SysRoad\home_works_bot\src\handlers.py", line 30, in echo_message
    await message.answer_photo(
    ...<3 lines>...
    )
  File "F:\Code\01 - Learn\SysRoad\home_works_bot\.venv\Lib\site-packages\aiogram\methods\base.py", line 84, in emit
    return await bot(self)
           ^^^^^^^^^^^^^^^
  File "F:\Code\01 - Learn\SysRoad\home_works_bot\.venv\Lib\site-packages\aiogram\client\bot.py", line 485, in __call__
    return await self.session(self, method, timeout=request_timeout)
           ^^^^^^^^^^^^^^^^^^^^^^^^^^^^^^^^^^^^^^^^^^^^^^^^^^^^^^^^^
  File "F:\Code\01 - Learn\SysRoad\home_works_bot\.venv\Lib\site-packages\aiogram\client\session\base.py", line 254, in __call__
    return cast(TelegramType, await middleware(bot, method))
                              ^^^^^^^^^^^^^^^^^^^^^^^^^^^^^
  File "F:\Code\01 - Learn\SysRoad\home_works_bot\.venv\Lib\site-packages\aiogram\client\session\aiohttp.py", line 185, in make_request
    response = self.check_response(
        bot=bot, method=method, status_code=resp.status, content=raw_result
    )
  File "F:\Code\01 - Learn\SysRoad\home_works_bot\.venv\Lib\site-packages\aiogram\client\session\base.py", line 120, in check_response
    raise TelegramBadRequest(method=method, message=description)
aiogram.exceptions.TelegramBadRequest: Telegram server says - Bad Request: invalid file HTTP URL specified: Wrong port number specified in the URL
24-08-25 02:47:24 | [INFO] aiogram.dispatcher | Polling stopped
24-08-25 02:47:24 | [ERROR] aiogram.dispatcher | Failed to fetch updates - TelegramNetworkError: HTTP Client says - ServerDisconnectedError: Server disconnected
24-08-25 02:47:24 | [WARNING] aiogram.dispatcher | Sleep for 1.000000 seconds and try again... (tryings = 0, bot id = 6976486638)
24-08-25 02:47:24 | [INFO] aiogram.dispatcher | Polling stopped for bot @crocpatbot id=6976486638 - 'Homework save'
24-08-25 02:47:24 | [INFO] __main__ | Bot interrupted and stopped.
24-08-25 02:47:32 | [INFO] aiogram.dispatcher | Start polling
24-08-25 02:47:32 | [INFO] aiogram.dispatcher | Run polling for bot @crocpatbot id=6976486638 - 'Homework save'
24-08-25 02:47:36 | [INFO] aiogram.event | Update id=732060878 is not handled. Duration 535 ms by bot id=6976486638
24-08-25 02:47:36 | [ERROR] aiogram.event | Cause exception while process update id=732060878 by bot id=6976486638
ValidationError: 2 validation errors for SendPhoto
photo.str
  Input should be a valid string [type=string_type, input_value=<_io.BufferedReader name=...rks_bot\\images\\1.png'>, input_type=BufferedReader]
    For further information visit https://errors.pydantic.dev/2.11/v/string_type
photo.is-instance[InputFile]
  Input should be an instance of InputFile [type=is_instance_of, input_value=<_io.BufferedReader name=...rks_bot\\images\\1.png'>, input_type=BufferedReader]
    For further information visit https://errors.pydantic.dev/2.11/v/is_instance_of
Traceback (most recent call last):
  File "F:\Code\01 - Learn\SysRoad\home_works_bot\.venv\Lib\site-packages\aiogram\dispatcher\dispatcher.py", line 309, in _process_update
    response = await self.feed_update(bot, update, **kwargs)
               ^^^^^^^^^^^^^^^^^^^^^^^^^^^^^^^^^^^^^^^^^^^^^
  File "F:\Code\01 - Learn\SysRoad\home_works_bot\.venv\Lib\site-packages\aiogram\dispatcher\dispatcher.py", line 158, in feed_update
    response = await self.update.wrap_outer_middleware(
               ^^^^^^^^^^^^^^^^^^^^^^^^^^^^^^^^^^^^^^^^
    ...<7 lines>...
    )
    ^
  File "F:\Code\01 - Learn\SysRoad\home_works_bot\.venv\Lib\site-packages\aiogram\dispatcher\middlewares\error.py", line 25, in __call__
    return await handler(event, data)
           ^^^^^^^^^^^^^^^^^^^^^^^^^^
  File "F:\Code\01 - Learn\SysRoad\home_works_bot\.venv\Lib\site-packages\aiogram\dispatcher\middlewares\user_context.py", line 56, in __call__
    return await handler(event, data)
           ^^^^^^^^^^^^^^^^^^^^^^^^^^
  File "F:\Code\01 - Learn\SysRoad\home_works_bot\.venv\Lib\site-packages\aiogram\fsm\middleware.py", line 42, in __call__
    return await handler(event, data)
           ^^^^^^^^^^^^^^^^^^^^^^^^^^
  File "F:\Code\01 - Learn\SysRoad\home_works_bot\.venv\Lib\site-packages\aiogram\dispatcher\event\telegram.py", line 121, in trigger
    return await wrapped_inner(event, kwargs)
           ^^^^^^^^^^^^^^^^^^^^^^^^^^^^^^^^^^
  File "F:\Code\01 - Learn\SysRoad\home_works_bot\.venv\Lib\site-packages\aiogram\dispatcher\event\handler.py", line 43, in call
    return await wrapped()
           ^^^^^^^^^^^^^^^
  File "F:\Code\01 - Learn\SysRoad\home_works_bot\.venv\Lib\site-packages\aiogram\dispatcher\dispatcher.py", line 276, in _listen_update
    return await self.propagate_event(update_type=update_type, event=event, **kwargs)
           ^^^^^^^^^^^^^^^^^^^^^^^^^^^^^^^^^^^^^^^^^^^^^^^^^^^^^^^^^^^^^^^^^^^^^^^^^^
  File "F:\Code\01 - Learn\SysRoad\home_works_bot\.venv\Lib\site-packages\aiogram\dispatcher\router.py", line 146, in propagate_event
    return await observer.wrap_outer_middleware(_wrapped, event=event, data=kwargs)
           ^^^^^^^^^^^^^^^^^^^^^^^^^^^^^^^^^^^^^^^^^^^^^^^^^^^^^^^^^^^^^^^^^^^^^^^^
  File "F:\Code\01 - Learn\SysRoad\home_works_bot\.venv\Lib\site-packages\aiogram\dispatcher\router.py", line 141, in _wrapped
    return await self._propagate_event(
           ^^^^^^^^^^^^^^^^^^^^^^^^^^^^
        observer=observer, update_type=update_type, event=telegram_event, **data
        ^^^^^^^^^^^^^^^^^^^^^^^^^^^^^^^^^^^^^^^^^^^^^^^^^^^^^^^^^^^^^^^^^^^^^^^^
    )
    ^
  File "F:\Code\01 - Learn\SysRoad\home_works_bot\.venv\Lib\site-packages\aiogram\dispatcher\router.py", line 174, in _propagate_event
    response = await router.propagate_event(update_type=update_type, event=event, **kwargs)
               ^^^^^^^^^^^^^^^^^^^^^^^^^^^^^^^^^^^^^^^^^^^^^^^^^^^^^^^^^^^^^^^^^^^^^^^^^^^^
  File "F:\Code\01 - Learn\SysRoad\home_works_bot\.venv\Lib\site-packages\aiogram\dispatcher\router.py", line 146, in propagate_event
    return await observer.wrap_outer_middleware(_wrapped, event=event, data=kwargs)
           ^^^^^^^^^^^^^^^^^^^^^^^^^^^^^^^^^^^^^^^^^^^^^^^^^^^^^^^^^^^^^^^^^^^^^^^^
  File "F:\Code\01 - Learn\SysRoad\home_works_bot\.venv\Lib\site-packages\aiogram\dispatcher\router.py", line 141, in _wrapped
    return await self._propagate_event(
           ^^^^^^^^^^^^^^^^^^^^^^^^^^^^
        observer=observer, update_type=update_type, event=telegram_event, **data
        ^^^^^^^^^^^^^^^^^^^^^^^^^^^^^^^^^^^^^^^^^^^^^^^^^^^^^^^^^^^^^^^^^^^^^^^^
    )
    ^
  File "F:\Code\01 - Learn\SysRoad\home_works_bot\.venv\Lib\site-packages\aiogram\dispatcher\router.py", line 166, in _propagate_event
    response = await observer.trigger(event, **kwargs)
               ^^^^^^^^^^^^^^^^^^^^^^^^^^^^^^^^^^^^^^^
  File "F:\Code\01 - Learn\SysRoad\home_works_bot\.venv\Lib\site-packages\aiogram\dispatcher\event\telegram.py", line 121, in trigger
    return await wrapped_inner(event, kwargs)
           ^^^^^^^^^^^^^^^^^^^^^^^^^^^^^^^^^^
  File "F:\Code\01 - Learn\SysRoad\home_works_bot\.venv\Lib\site-packages\aiogram\dispatcher\event\handler.py", line 43, in call
    return await wrapped()
           ^^^^^^^^^^^^^^^
  File "F:\Code\01 - Learn\SysRoad\home_works_bot\src\handlers.py", line 31, in echo_message
    await message.answer_photo(
          ~~~~~~~~~~~~~~~~~~~~^
        photo=photo_file,          # <- бинарный файл
        ^^^^^^^^^^^^^^^^^^^^^^^^^^^^^^^^^^^^^^^^^^^^^
        caption="Вот текст к фото",
        ^^^^^^^^^^^^^^^^^^^^^^^^^^^
        reply_markup=keyboard
        ^^^^^^^^^^^^^^^^^^^^^
    )
    ^
  File "F:\Code\01 - Learn\SysRoad\home_works_bot\.venv\Lib\site-packages\aiogram\types\message.py", line 2407, in answer_photo
    return SendPhoto(
           ~~~~~~~~~^
        chat_id=self.chat.id,
        ^^^^^^^^^^^^^^^^^^^^^
    ...<18 lines>...
        **kwargs,
        ^^^^^^^^^
    ).as_(self._bot)
    ^
  File "F:\Code\01 - Learn\SysRoad\home_works_bot\.venv\Lib\site-packages\pydantic\main.py", line 253, in __init__
    validated_self = self.__pydantic_validator__.validate_python(data, self_instance=self)
pydantic_core._pydantic_core.ValidationError: 2 validation errors for SendPhoto
photo.str
  Input should be a valid string [type=string_type, input_value=<_io.BufferedReader name=...rks_bot\\images\\1.png'>, input_type=BufferedReader]
    For further information visit https://errors.pydantic.dev/2.11/v/string_type
photo.is-instance[InputFile]
  Input should be an instance of InputFile [type=is_instance_of, input_value=<_io.BufferedReader name=...rks_bot\\images\\1.png'>, input_type=BufferedReader]
    For further information visit https://errors.pydantic.dev/2.11/v/is_instance_of
24-08-25 02:47:40 | [INFO] aiogram.event | Update id=732060879 is not handled. Duration 333 ms by bot id=6976486638
24-08-25 02:47:40 | [ERROR] aiogram.event | Cause exception while process update id=732060879 by bot id=6976486638
ValidationError: 2 validation errors for SendPhoto
photo.str
  Input should be a valid string [type=string_type, input_value=<_io.BufferedReader name=...rks_bot\\images\\1.png'>, input_type=BufferedReader]
    For further information visit https://errors.pydantic.dev/2.11/v/string_type
photo.is-instance[InputFile]
  Input should be an instance of InputFile [type=is_instance_of, input_value=<_io.BufferedReader name=...rks_bot\\images\\1.png'>, input_type=BufferedReader]
    For further information visit https://errors.pydantic.dev/2.11/v/is_instance_of
Traceback (most recent call last):
  File "F:\Code\01 - Learn\SysRoad\home_works_bot\.venv\Lib\site-packages\aiogram\dispatcher\dispatcher.py", line 309, in _process_update
    response = await self.feed_update(bot, update, **kwargs)
               ^^^^^^^^^^^^^^^^^^^^^^^^^^^^^^^^^^^^^^^^^^^^^
  File "F:\Code\01 - Learn\SysRoad\home_works_bot\.venv\Lib\site-packages\aiogram\dispatcher\dispatcher.py", line 158, in feed_update
    response = await self.update.wrap_outer_middleware(
               ^^^^^^^^^^^^^^^^^^^^^^^^^^^^^^^^^^^^^^^^
    ...<7 lines>...
    )
    ^
  File "F:\Code\01 - Learn\SysRoad\home_works_bot\.venv\Lib\site-packages\aiogram\dispatcher\middlewares\error.py", line 25, in __call__
    return await handler(event, data)
           ^^^^^^^^^^^^^^^^^^^^^^^^^^
  File "F:\Code\01 - Learn\SysRoad\home_works_bot\.venv\Lib\site-packages\aiogram\dispatcher\middlewares\user_context.py", line 56, in __call__
    return await handler(event, data)
           ^^^^^^^^^^^^^^^^^^^^^^^^^^
  File "F:\Code\01 - Learn\SysRoad\home_works_bot\.venv\Lib\site-packages\aiogram\fsm\middleware.py", line 42, in __call__
    return await handler(event, data)
           ^^^^^^^^^^^^^^^^^^^^^^^^^^
  File "F:\Code\01 - Learn\SysRoad\home_works_bot\.venv\Lib\site-packages\aiogram\dispatcher\event\telegram.py", line 121, in trigger
    return await wrapped_inner(event, kwargs)
           ^^^^^^^^^^^^^^^^^^^^^^^^^^^^^^^^^^
  File "F:\Code\01 - Learn\SysRoad\home_works_bot\.venv\Lib\site-packages\aiogram\dispatcher\event\handler.py", line 43, in call
    return await wrapped()
           ^^^^^^^^^^^^^^^
  File "F:\Code\01 - Learn\SysRoad\home_works_bot\.venv\Lib\site-packages\aiogram\dispatcher\dispatcher.py", line 276, in _listen_update
    return await self.propagate_event(update_type=update_type, event=event, **kwargs)
           ^^^^^^^^^^^^^^^^^^^^^^^^^^^^^^^^^^^^^^^^^^^^^^^^^^^^^^^^^^^^^^^^^^^^^^^^^^
  File "F:\Code\01 - Learn\SysRoad\home_works_bot\.venv\Lib\site-packages\aiogram\dispatcher\router.py", line 146, in propagate_event
    return await observer.wrap_outer_middleware(_wrapped, event=event, data=kwargs)
           ^^^^^^^^^^^^^^^^^^^^^^^^^^^^^^^^^^^^^^^^^^^^^^^^^^^^^^^^^^^^^^^^^^^^^^^^
  File "F:\Code\01 - Learn\SysRoad\home_works_bot\.venv\Lib\site-packages\aiogram\dispatcher\router.py", line 141, in _wrapped
    return await self._propagate_event(
           ^^^^^^^^^^^^^^^^^^^^^^^^^^^^
        observer=observer, update_type=update_type, event=telegram_event, **data
        ^^^^^^^^^^^^^^^^^^^^^^^^^^^^^^^^^^^^^^^^^^^^^^^^^^^^^^^^^^^^^^^^^^^^^^^^
    )
    ^
  File "F:\Code\01 - Learn\SysRoad\home_works_bot\.venv\Lib\site-packages\aiogram\dispatcher\router.py", line 174, in _propagate_event
    response = await router.propagate_event(update_type=update_type, event=event, **kwargs)
               ^^^^^^^^^^^^^^^^^^^^^^^^^^^^^^^^^^^^^^^^^^^^^^^^^^^^^^^^^^^^^^^^^^^^^^^^^^^^
  File "F:\Code\01 - Learn\SysRoad\home_works_bot\.venv\Lib\site-packages\aiogram\dispatcher\router.py", line 146, in propagate_event
    return await observer.wrap_outer_middleware(_wrapped, event=event, data=kwargs)
           ^^^^^^^^^^^^^^^^^^^^^^^^^^^^^^^^^^^^^^^^^^^^^^^^^^^^^^^^^^^^^^^^^^^^^^^^
  File "F:\Code\01 - Learn\SysRoad\home_works_bot\.venv\Lib\site-packages\aiogram\dispatcher\router.py", line 141, in _wrapped
    return await self._propagate_event(
           ^^^^^^^^^^^^^^^^^^^^^^^^^^^^
        observer=observer, update_type=update_type, event=telegram_event, **data
        ^^^^^^^^^^^^^^^^^^^^^^^^^^^^^^^^^^^^^^^^^^^^^^^^^^^^^^^^^^^^^^^^^^^^^^^^
    )
    ^
  File "F:\Code\01 - Learn\SysRoad\home_works_bot\.venv\Lib\site-packages\aiogram\dispatcher\router.py", line 166, in _propagate_event
    response = await observer.trigger(event, **kwargs)
               ^^^^^^^^^^^^^^^^^^^^^^^^^^^^^^^^^^^^^^^
  File "F:\Code\01 - Learn\SysRoad\home_works_bot\.venv\Lib\site-packages\aiogram\dispatcher\event\telegram.py", line 121, in trigger
    return await wrapped_inner(event, kwargs)
           ^^^^^^^^^^^^^^^^^^^^^^^^^^^^^^^^^^
  File "F:\Code\01 - Learn\SysRoad\home_works_bot\.venv\Lib\site-packages\aiogram\dispatcher\event\handler.py", line 43, in call
    return await wrapped()
           ^^^^^^^^^^^^^^^
  File "F:\Code\01 - Learn\SysRoad\home_works_bot\src\handlers.py", line 31, in echo_message
    await message.answer_photo(
          ~~~~~~~~~~~~~~~~~~~~^
        photo=photo_file,          # <- бинарный файл
        ^^^^^^^^^^^^^^^^^^^^^^^^^^^^^^^^^^^^^^^^^^^^^
        caption="Вот текст к фото",
        ^^^^^^^^^^^^^^^^^^^^^^^^^^^
        reply_markup=keyboard
        ^^^^^^^^^^^^^^^^^^^^^
    )
    ^
  File "F:\Code\01 - Learn\SysRoad\home_works_bot\.venv\Lib\site-packages\aiogram\types\message.py", line 2407, in answer_photo
    return SendPhoto(
           ~~~~~~~~~^
        chat_id=self.chat.id,
        ^^^^^^^^^^^^^^^^^^^^^
    ...<18 lines>...
        **kwargs,
        ^^^^^^^^^
    ).as_(self._bot)
    ^
  File "F:\Code\01 - Learn\SysRoad\home_works_bot\.venv\Lib\site-packages\pydantic\main.py", line 253, in __init__
    validated_self = self.__pydantic_validator__.validate_python(data, self_instance=self)
pydantic_core._pydantic_core.ValidationError: 2 validation errors for SendPhoto
photo.str
  Input should be a valid string [type=string_type, input_value=<_io.BufferedReader name=...rks_bot\\images\\1.png'>, input_type=BufferedReader]
    For further information visit https://errors.pydantic.dev/2.11/v/string_type
photo.is-instance[InputFile]
  Input should be an instance of InputFile [type=is_instance_of, input_value=<_io.BufferedReader name=...rks_bot\\images\\1.png'>, input_type=BufferedReader]
    For further information visit https://errors.pydantic.dev/2.11/v/is_instance_of
24-08-25 02:50:15 | [INFO] aiogram.dispatcher | Polling stopped
24-08-25 02:50:15 | [ERROR] aiogram.dispatcher | Failed to fetch updates - TelegramNetworkError: HTTP Client says - ServerDisconnectedError: Server disconnected
24-08-25 02:50:15 | [WARNING] aiogram.dispatcher | Sleep for 1.000000 seconds and try again... (tryings = 0, bot id = 6976486638)
24-08-25 02:50:15 | [INFO] aiogram.dispatcher | Polling stopped for bot @crocpatbot id=6976486638 - 'Homework save'
24-08-25 02:50:15 | [INFO] __main__ | Bot interrupted and stopped.
24-08-25 02:52:13 | [INFO] aiogram.dispatcher | Start polling
24-08-25 02:52:13 | [INFO] aiogram.dispatcher | Run polling for bot @crocpatbot id=6976486638 - 'Homework save'
24-08-25 02:52:16 | [INFO] aiogram.event | Update id=732060880 is handled. Duration 1126 ms by bot id=6976486638
24-08-25 02:52:32 | [INFO] aiogram.dispatcher | Polling stopped
24-08-25 02:52:32 | [ERROR] aiogram.dispatcher | Failed to fetch updates - TelegramNetworkError: HTTP Client says - ServerDisconnectedError: Server disconnected
24-08-25 02:52:32 | [WARNING] aiogram.dispatcher | Sleep for 1.000000 seconds and try again... (tryings = 0, bot id = 6976486638)
24-08-25 02:52:33 | [INFO] aiogram.dispatcher | Polling stopped for bot @crocpatbot id=6976486638 - 'Homework save'
24-08-25 02:52:33 | [INFO] __main__ | Bot interrupted and stopped.
24-08-25 02:53:27 | [INFO] aiogram.dispatcher | Start polling
24-08-25 02:53:27 | [INFO] aiogram.dispatcher | Run polling for bot @crocpatbot id=6976486638 - 'Homework save'
24-08-25 02:53:27 | [INFO] src.table_data | [['' '' '' '' '123 хуя в жопе' '']
 ['Olega' '' '' '' '' '']
 ['' '' '' '' '' '']
 ['' '' '' '' '' '']
 ['' '' '' '' '' '']
 ['' '' '' '' '' '']]
24-08-25 02:53:27 | [INFO] src.table_data | ['Понедельник', 'Вторник', 'Среда', 'Четверг', 'Пятница', 'Суббота']
24-08-25 02:53:27 | [INFO] src.table_data | ['Математика', 'Русский', 'Информатика', 'Обществознание', 'География', 'Биология']
24-08-25 02:53:28 | [INFO] aiogram.event | Update id=732060881 is handled. Duration 1045 ms by bot id=6976486638
24-08-25 02:53:35 | [INFO] aiogram.dispatcher | Polling stopped
24-08-25 02:53:35 | [ERROR] aiogram.dispatcher | Failed to fetch updates - TelegramNetworkError: HTTP Client says - ServerDisconnectedError: Server disconnected
24-08-25 02:53:35 | [WARNING] aiogram.dispatcher | Sleep for 1.000000 seconds and try again... (tryings = 0, bot id = 6976486638)
24-08-25 02:53:36 | [INFO] aiogram.dispatcher | Polling stopped for bot @crocpatbot id=6976486638 - 'Homework save'
24-08-25 02:53:36 | [INFO] __main__ | Bot interrupted and stopped.
24-08-25 02:54:02 | [INFO] aiogram.dispatcher | Start polling
24-08-25 02:54:03 | [INFO] aiogram.dispatcher | Run polling for bot @crocpatbot id=6976486638 - 'Homework save'
24-08-25 02:54:03 | [INFO] src.table_data | [['' '' '' '' '123 хуя в жопе' '']
 ['Olega' '' '' ''
  'jkfahsdjkfasjkf<br>jkfahsdjkfasjkfjkfahsdjkfasjkf<br>jkfahsdjkfasjkf'
  '']
 ['' '' '' '' '' '']
 ['' '' '' '' '' '']
 ['' '' '' '' '' '']
 ['' '' '' '' '' '']]
24-08-25 02:54:03 | [INFO] src.table_data | ['Понедельник', 'Вторник', 'Среда', 'Четверг', 'Пятница', 'Суббота']
24-08-25 02:54:03 | [INFO] src.table_data | ['Математика', 'Русский', 'Информатика', 'Обществознание', 'География', 'Биология']
24-08-25 02:54:04 | [INFO] aiogram.event | Update id=732060882 is handled. Duration 1204 ms by bot id=6976486638
24-08-25 02:55:48 | [INFO] aiogram.dispatcher | Polling stopped
24-08-25 02:55:48 | [ERROR] aiogram.dispatcher | Failed to fetch updates - TelegramNetworkError: HTTP Client says - ServerDisconnectedError: Server disconnected
24-08-25 02:55:48 | [WARNING] aiogram.dispatcher | Sleep for 1.000000 seconds and try again... (tryings = 0, bot id = 6976486638)
24-08-25 02:55:48 | [INFO] aiogram.dispatcher | Polling stopped for bot @crocpatbot id=6976486638 - 'Homework save'
24-08-25 02:55:48 | [INFO] __main__ | Bot interrupted and stopped.
24-08-25 02:57:46 | [INFO] aiogram.dispatcher | Start polling
24-08-25 02:57:46 | [INFO] aiogram.dispatcher | Run polling for bot @crocpatbot id=6976486638 - 'Homework save'
24-08-25 02:57:49 | [INFO] aiogram.event | Update id=732060883 is handled. Duration 1033 ms by bot id=6976486638
24-08-25 02:59:34 | [INFO] aiogram.dispatcher | Start polling
24-08-25 02:59:35 | [INFO] aiogram.dispatcher | Run polling for bot @crocpatbot id=6976486638 - 'Homework save'
24-08-25 02:59:40 | [INFO] aiogram.event | Update id=732060884 is handled. Duration 1188 ms by bot id=6976486638
24-08-25 02:59:54 | [INFO] aiogram.dispatcher | Polling stopped
24-08-25 02:59:54 | [ERROR] aiogram.dispatcher | Failed to fetch updates - TelegramNetworkError: HTTP Client says - ServerDisconnectedError: Server disconnected
24-08-25 02:59:54 | [WARNING] aiogram.dispatcher | Sleep for 1.000000 seconds and try again... (tryings = 0, bot id = 6976486638)
24-08-25 02:59:54 | [INFO] aiogram.dispatcher | Polling stopped for bot @crocpatbot id=6976486638 - 'Homework save'
24-08-25 02:59:54 | [INFO] __main__ | Bot interrupted and stopped.
24-08-25 03:00:02 | [INFO] aiogram.dispatcher | Start polling
24-08-25 03:00:02 | [INFO] aiogram.dispatcher | Run polling for bot @crocpatbot id=6976486638 - 'Homework save'
24-08-25 03:00:03 | [INFO] aiogram.event | Update id=732060885 is handled. Duration 1030 ms by bot id=6976486638
24-08-25 03:03:31 | [INFO] aiogram.dispatcher | Polling stopped
24-08-25 03:03:31 | [ERROR] aiogram.dispatcher | Failed to fetch updates - TelegramNetworkError: HTTP Client says - ServerDisconnectedError: Server disconnected
24-08-25 03:03:31 | [WARNING] aiogram.dispatcher | Sleep for 1.000000 seconds and try again... (tryings = 0, bot id = 6976486638)
24-08-25 03:03:31 | [INFO] aiogram.dispatcher | Polling stopped for bot @crocpatbot id=6976486638 - 'Homework save'
24-08-25 03:03:31 | [INFO] __main__ | Bot interrupted and stopped.
24-08-25 03:03:38 | [INFO] aiogram.dispatcher | Start polling
24-08-25 03:03:39 | [INFO] aiogram.dispatcher | Run polling for bot @crocpatbot id=6976486638 - 'Homework save'
24-08-25 03:03:40 | [INFO] aiogram.event | Update id=732060886 is handled. Duration 1060 ms by bot id=6976486638
24-08-25 03:05:24 | [INFO] aiogram.dispatcher | Polling stopped
24-08-25 03:05:24 | [ERROR] aiogram.dispatcher | Failed to fetch updates - TelegramNetworkError: HTTP Client says - ServerDisconnectedError: Server disconnected
24-08-25 03:05:24 | [WARNING] aiogram.dispatcher | Sleep for 1.000000 seconds and try again... (tryings = 0, bot id = 6976486638)
24-08-25 03:05:24 | [INFO] aiogram.dispatcher | Polling stopped for bot @crocpatbot id=6976486638 - 'Homework save'
24-08-25 03:05:24 | [INFO] __main__ | Bot interrupted and stopped.
24-08-25 03:05:32 | [INFO] aiogram.dispatcher | Start polling
24-08-25 03:05:32 | [INFO] aiogram.dispatcher | Run polling for bot @crocpatbot id=6976486638 - 'Homework save'
24-08-25 03:05:33 | [INFO] aiogram.event | Update id=732060887 is handled. Duration 1105 ms by bot id=6976486638
24-08-25 03:08:59 | [INFO] aiogram.dispatcher | Polling stopped
24-08-25 03:08:59 | [ERROR] aiogram.dispatcher | Failed to fetch updates - TelegramNetworkError: HTTP Client says - ServerDisconnectedError: Server disconnected
24-08-25 03:08:59 | [WARNING] aiogram.dispatcher | Sleep for 1.000000 seconds and try again... (tryings = 0, bot id = 6976486638)
24-08-25 03:08:59 | [INFO] aiogram.dispatcher | Polling stopped for bot @crocpatbot id=6976486638 - 'Homework save'
24-08-25 03:08:59 | [INFO] __main__ | Bot interrupted and stopped.
24-08-25 03:09:06 | [INFO] aiogram.dispatcher | Start polling
24-08-25 03:09:06 | [INFO] aiogram.dispatcher | Run polling for bot @crocpatbot id=6976486638 - 'Homework save'
24-08-25 03:09:08 | [INFO] aiogram.event | Update id=732060888 is handled. Duration 1155 ms by bot id=6976486638
24-08-25 03:09:59 | [INFO] aiogram.dispatcher | Polling stopped
24-08-25 03:09:59 | [ERROR] aiogram.dispatcher | Failed to fetch updates - TelegramNetworkError: HTTP Client says - ServerDisconnectedError: Server disconnected
24-08-25 03:09:59 | [WARNING] aiogram.dispatcher | Sleep for 1.000000 seconds and try again... (tryings = 0, bot id = 6976486638)
24-08-25 03:09:59 | [INFO] aiogram.dispatcher | Polling stopped for bot @crocpatbot id=6976486638 - 'Homework save'
24-08-25 03:09:59 | [INFO] __main__ | Bot interrupted and stopped.
24-08-25 03:10:07 | [INFO] aiogram.dispatcher | Start polling
24-08-25 03:10:07 | [INFO] aiogram.dispatcher | Run polling for bot @crocpatbot id=6976486638 - 'Homework save'
24-08-25 03:10:08 | [INFO] aiogram.event | Update id=732060889 is handled. Duration 886 ms by bot id=6976486638
24-08-25 03:10:34 | [INFO] aiogram.dispatcher | Polling stopped
24-08-25 03:10:34 | [ERROR] aiogram.dispatcher | Failed to fetch updates - TelegramNetworkError: HTTP Client says - ServerDisconnectedError: Server disconnected
24-08-25 03:10:34 | [WARNING] aiogram.dispatcher | Sleep for 1.000000 seconds and try again... (tryings = 0, bot id = 6976486638)
24-08-25 03:10:35 | [INFO] aiogram.dispatcher | Polling stopped for bot @crocpatbot id=6976486638 - 'Homework save'
24-08-25 03:10:35 | [INFO] __main__ | Bot interrupted and stopped.
24-08-25 03:10:42 | [INFO] aiogram.dispatcher | Start polling
24-08-25 03:10:42 | [INFO] aiogram.dispatcher | Run polling for bot @crocpatbot id=6976486638 - 'Homework save'
24-08-25 03:10:43 | [INFO] aiogram.event | Update id=732060890 is handled. Duration 1162 ms by bot id=6976486638
24-08-25 03:11:09 | [INFO] aiogram.dispatcher | Polling stopped
24-08-25 03:11:09 | [ERROR] aiogram.dispatcher | Failed to fetch updates - TelegramNetworkError: HTTP Client says - ServerDisconnectedError: Server disconnected
24-08-25 03:11:09 | [WARNING] aiogram.dispatcher | Sleep for 1.000000 seconds and try again... (tryings = 0, bot id = 6976486638)
24-08-25 03:11:09 | [INFO] aiogram.dispatcher | Polling stopped for bot @crocpatbot id=6976486638 - 'Homework save'
24-08-25 03:11:09 | [INFO] __main__ | Bot interrupted and stopped.
24-08-25 03:11:19 | [INFO] aiogram.dispatcher | Start polling
24-08-25 03:11:19 | [INFO] aiogram.dispatcher | Run polling for bot @crocpatbot id=6976486638 - 'Homework save'
24-08-25 03:11:20 | [INFO] aiogram.event | Update id=732060891 is handled. Duration 839 ms by bot id=6976486638
24-08-25 03:11:40 | [INFO] aiogram.dispatcher | Polling stopped
24-08-25 03:11:40 | [ERROR] aiogram.dispatcher | Failed to fetch updates - TelegramNetworkError: HTTP Client says - ServerDisconnectedError: Server disconnected
24-08-25 03:11:40 | [WARNING] aiogram.dispatcher | Sleep for 1.000000 seconds and try again... (tryings = 0, bot id = 6976486638)
24-08-25 03:11:40 | [INFO] aiogram.dispatcher | Polling stopped for bot @crocpatbot id=6976486638 - 'Homework save'
24-08-25 03:11:40 | [INFO] __main__ | Bot interrupted and stopped.
24-08-25 03:11:47 | [INFO] aiogram.dispatcher | Start polling
24-08-25 03:11:48 | [INFO] aiogram.dispatcher | Run polling for bot @crocpatbot id=6976486638 - 'Homework save'
24-08-25 03:11:49 | [INFO] aiogram.event | Update id=732060892 is handled. Duration 1300 ms by bot id=6976486638
24-08-25 03:12:15 | [INFO] aiogram.dispatcher | Polling stopped
24-08-25 03:12:15 | [ERROR] aiogram.dispatcher | Failed to fetch updates - TelegramNetworkError: HTTP Client says - ServerDisconnectedError: Server disconnected
24-08-25 03:12:15 | [WARNING] aiogram.dispatcher | Sleep for 1.000000 seconds and try again... (tryings = 0, bot id = 6976486638)
24-08-25 03:12:15 | [INFO] aiogram.dispatcher | Polling stopped for bot @crocpatbot id=6976486638 - 'Homework save'
24-08-25 03:12:15 | [INFO] __main__ | Bot interrupted and stopped.
24-08-25 03:12:23 | [INFO] aiogram.dispatcher | Start polling
24-08-25 03:12:23 | [INFO] aiogram.dispatcher | Run polling for bot @crocpatbot id=6976486638 - 'Homework save'
24-08-25 03:12:24 | [INFO] aiogram.event | Update id=732060893 is handled. Duration 919 ms by bot id=6976486638
24-08-25 03:12:50 | [INFO] aiogram.dispatcher | Polling stopped
24-08-25 03:12:50 | [ERROR] aiogram.dispatcher | Failed to fetch updates - TelegramNetworkError: HTTP Client says - ServerDisconnectedError: Server disconnected
24-08-25 03:12:50 | [WARNING] aiogram.dispatcher | Sleep for 1.000000 seconds and try again... (tryings = 0, bot id = 6976486638)
24-08-25 03:12:51 | [INFO] aiogram.dispatcher | Polling stopped for bot @crocpatbot id=6976486638 - 'Homework save'
24-08-25 03:12:51 | [INFO] __main__ | Bot interrupted and stopped.
24-08-25 03:12:58 | [INFO] aiogram.dispatcher | Start polling
24-08-25 03:12:58 | [INFO] aiogram.dispatcher | Run polling for bot @crocpatbot id=6976486638 - 'Homework save'
24-08-25 03:12:59 | [INFO] aiogram.event | Update id=732060894 is handled. Duration 956 ms by bot id=6976486638
24-08-25 03:13:05 | [INFO] aiogram.dispatcher | Polling stopped
24-08-25 03:13:05 | [ERROR] aiogram.dispatcher | Failed to fetch updates - TelegramNetworkError: HTTP Client says - ServerDisconnectedError: Server disconnected
24-08-25 03:13:05 | [WARNING] aiogram.dispatcher | Sleep for 1.000000 seconds and try again... (tryings = 0, bot id = 6976486638)
24-08-25 03:13:05 | [INFO] aiogram.dispatcher | Polling stopped for bot @crocpatbot id=6976486638 - 'Homework save'
24-08-25 03:13:05 | [INFO] __main__ | Bot interrupted and stopped.
24-08-25 03:13:20 | [INFO] aiogram.dispatcher | Start polling
24-08-25 03:13:20 | [INFO] aiogram.dispatcher | Run polling for bot @crocpatbot id=6976486638 - 'Homework save'
24-08-25 03:13:21 | [INFO] aiogram.event | Update id=732060895 is handled. Duration 1140 ms by bot id=6976486638
24-08-25 03:13:48 | [INFO] aiogram.dispatcher | Polling stopped
24-08-25 03:13:48 | [ERROR] aiogram.dispatcher | Failed to fetch updates - TelegramNetworkError: HTTP Client says - ServerDisconnectedError: Server disconnected
24-08-25 03:13:48 | [WARNING] aiogram.dispatcher | Sleep for 1.000000 seconds and try again... (tryings = 0, bot id = 6976486638)
24-08-25 03:13:49 | [INFO] aiogram.dispatcher | Polling stopped for bot @crocpatbot id=6976486638 - 'Homework save'
24-08-25 03:13:49 | [INFO] __main__ | Bot interrupted and stopped.
24-08-25 03:13:56 | [INFO] aiogram.dispatcher | Start polling
24-08-25 03:13:56 | [INFO] aiogram.dispatcher | Run polling for bot @crocpatbot id=6976486638 - 'Homework save'
24-08-25 03:13:57 | [INFO] aiogram.event | Update id=732060896 is handled. Duration 926 ms by bot id=6976486638
24-08-25 03:14:39 | [INFO] aiogram.dispatcher | Polling stopped
24-08-25 03:14:39 | [ERROR] aiogram.dispatcher | Failed to fetch updates - TelegramNetworkError: HTTP Client says - ServerDisconnectedError: Server disconnected
24-08-25 03:14:39 | [WARNING] aiogram.dispatcher | Sleep for 1.000000 seconds and try again... (tryings = 0, bot id = 6976486638)
24-08-25 03:14:39 | [INFO] aiogram.dispatcher | Polling stopped for bot @crocpatbot id=6976486638 - 'Homework save'
24-08-25 03:14:40 | [INFO] __main__ | Bot interrupted and stopped.
24-08-25 03:15:42 | [INFO] aiogram.dispatcher | Start polling
24-08-25 03:15:42 | [INFO] aiogram.dispatcher | Run polling for bot @crocpatbot id=6976486638 - 'Homework save'
24-08-25 03:15:44 | [INFO] aiogram.event | Update id=732060897 is handled. Duration 1078 ms by bot id=6976486638
24-08-25 03:15:53 | [INFO] aiogram.dispatcher | Polling stopped
24-08-25 03:15:53 | [ERROR] aiogram.dispatcher | Failed to fetch updates - TelegramNetworkError: HTTP Client says - ServerDisconnectedError: Server disconnected
24-08-25 03:15:53 | [WARNING] aiogram.dispatcher | Sleep for 1.000000 seconds and try again... (tryings = 0, bot id = 6976486638)
24-08-25 03:15:53 | [INFO] aiogram.dispatcher | Polling stopped for bot @crocpatbot id=6976486638 - 'Homework save'
24-08-25 03:15:53 | [INFO] __main__ | Bot interrupted and stopped.
24-08-25 03:16:20 | [INFO] aiogram.dispatcher | Start polling
24-08-25 03:16:20 | [INFO] aiogram.dispatcher | Run polling for bot @crocpatbot id=6976486638 - 'Homework save'
24-08-25 03:16:21 | [INFO] aiogram.event | Update id=732060898 is handled. Duration 921 ms by bot id=6976486638
24-08-25 03:17:34 | [INFO] aiogram.dispatcher | Polling stopped
24-08-25 03:17:34 | [ERROR] aiogram.dispatcher | Failed to fetch updates - TelegramNetworkError: HTTP Client says - ServerDisconnectedError: Server disconnected
24-08-25 03:17:34 | [WARNING] aiogram.dispatcher | Sleep for 1.000000 seconds and try again... (tryings = 0, bot id = 6976486638)
24-08-25 03:17:34 | [INFO] aiogram.dispatcher | Polling stopped for bot @crocpatbot id=6976486638 - 'Homework save'
24-08-25 03:17:34 | [INFO] __main__ | Bot interrupted and stopped.
24-08-25 03:17:41 | [INFO] aiogram.dispatcher | Start polling
24-08-25 03:17:41 | [INFO] aiogram.dispatcher | Run polling for bot @crocpatbot id=6976486638 - 'Homework save'
24-08-25 03:17:42 | [INFO] aiogram.event | Update id=732060899 is handled. Duration 828 ms by bot id=6976486638
24-08-25 03:17:54 | [INFO] aiogram.dispatcher | Polling stopped
24-08-25 03:17:54 | [ERROR] aiogram.dispatcher | Failed to fetch updates - TelegramNetworkError: HTTP Client says - ServerDisconnectedError: Server disconnected
24-08-25 03:17:54 | [WARNING] aiogram.dispatcher | Sleep for 1.000000 seconds and try again... (tryings = 0, bot id = 6976486638)
24-08-25 03:17:54 | [INFO] aiogram.dispatcher | Polling stopped for bot @crocpatbot id=6976486638 - 'Homework save'
24-08-25 03:17:54 | [INFO] __main__ | Bot interrupted and stopped.
24-08-25 03:18:10 | [INFO] aiogram.dispatcher | Start polling
24-08-25 03:18:10 | [INFO] aiogram.dispatcher | Run polling for bot @crocpatbot id=6976486638 - 'Homework save'
24-08-25 03:18:11 | [INFO] aiogram.event | Update id=732060900 is handled. Duration 987 ms by bot id=6976486638
24-08-25 03:18:19 | [INFO] aiogram.dispatcher | Polling stopped
24-08-25 03:18:19 | [ERROR] aiogram.dispatcher | Failed to fetch updates - TelegramNetworkError: HTTP Client says - ServerDisconnectedError: Server disconnected
24-08-25 03:18:19 | [WARNING] aiogram.dispatcher | Sleep for 1.000000 seconds and try again... (tryings = 0, bot id = 6976486638)
24-08-25 03:18:20 | [INFO] aiogram.dispatcher | Polling stopped for bot @crocpatbot id=6976486638 - 'Homework save'
24-08-25 03:18:20 | [INFO] __main__ | Bot interrupted and stopped.
24-08-25 03:18:31 | [INFO] aiogram.dispatcher | Start polling
24-08-25 03:18:31 | [INFO] aiogram.dispatcher | Run polling for bot @crocpatbot id=6976486638 - 'Homework save'
24-08-25 03:18:32 | [INFO] aiogram.event | Update id=732060901 is handled. Duration 1058 ms by bot id=6976486638
24-08-25 03:18:55 | [INFO] aiogram.dispatcher | Polling stopped
24-08-25 03:18:55 | [ERROR] aiogram.dispatcher | Failed to fetch updates - TelegramNetworkError: HTTP Client says - ServerDisconnectedError: Server disconnected
24-08-25 03:18:55 | [WARNING] aiogram.dispatcher | Sleep for 1.000000 seconds and try again... (tryings = 0, bot id = 6976486638)
24-08-25 03:18:55 | [INFO] aiogram.dispatcher | Polling stopped for bot @crocpatbot id=6976486638 - 'Homework save'
24-08-25 03:18:55 | [INFO] __main__ | Bot interrupted and stopped.
24-08-25 03:19:02 | [INFO] aiogram.dispatcher | Start polling
24-08-25 03:19:02 | [INFO] aiogram.dispatcher | Run polling for bot @crocpatbot id=6976486638 - 'Homework save'
24-08-25 03:19:03 | [INFO] aiogram.event | Update id=732060902 is handled. Duration 962 ms by bot id=6976486638
24-08-25 03:19:28 | [INFO] aiogram.dispatcher | Polling stopped
24-08-25 03:19:28 | [ERROR] aiogram.dispatcher | Failed to fetch updates - TelegramNetworkError: HTTP Client says - ServerDisconnectedError: Server disconnected
24-08-25 03:19:28 | [WARNING] aiogram.dispatcher | Sleep for 1.000000 seconds and try again... (tryings = 0, bot id = 6976486638)
24-08-25 03:19:28 | [INFO] aiogram.dispatcher | Polling stopped for bot @crocpatbot id=6976486638 - 'Homework save'
24-08-25 03:19:28 | [INFO] __main__ | Bot interrupted and stopped.
24-08-25 03:19:36 | [INFO] aiogram.dispatcher | Start polling
24-08-25 03:19:36 | [INFO] aiogram.dispatcher | Run polling for bot @crocpatbot id=6976486638 - 'Homework save'
24-08-25 03:19:37 | [INFO] aiogram.event | Update id=732060903 is handled. Duration 936 ms by bot id=6976486638
24-08-25 03:20:07 | [INFO] aiogram.dispatcher | Polling stopped
24-08-25 03:20:07 | [ERROR] aiogram.dispatcher | Failed to fetch updates - TelegramNetworkError: HTTP Client says - ServerDisconnectedError: Server disconnected
24-08-25 03:20:07 | [WARNING] aiogram.dispatcher | Sleep for 1.000000 seconds and try again... (tryings = 0, bot id = 6976486638)
24-08-25 03:20:08 | [INFO] aiogram.dispatcher | Polling stopped for bot @crocpatbot id=6976486638 - 'Homework save'
24-08-25 03:20:08 | [INFO] __main__ | Bot interrupted and stopped.
24-08-25 03:20:15 | [INFO] aiogram.dispatcher | Start polling
24-08-25 03:20:15 | [INFO] aiogram.dispatcher | Run polling for bot @crocpatbot id=6976486638 - 'Homework save'
24-08-25 03:20:16 | [INFO] aiogram.event | Update id=732060904 is handled. Duration 1094 ms by bot id=6976486638
24-08-25 03:20:45 | [INFO] aiogram.dispatcher | Polling stopped
24-08-25 03:20:45 | [ERROR] aiogram.dispatcher | Failed to fetch updates - TelegramNetworkError: HTTP Client says - ServerDisconnectedError: Server disconnected
24-08-25 03:20:45 | [WARNING] aiogram.dispatcher | Sleep for 1.000000 seconds and try again... (tryings = 0, bot id = 6976486638)
24-08-25 03:20:45 | [INFO] aiogram.dispatcher | Polling stopped for bot @crocpatbot id=6976486638 - 'Homework save'
24-08-25 03:20:45 | [INFO] __main__ | Bot interrupted and stopped.
24-08-25 03:22:54 | [INFO] aiogram.dispatcher | Start polling
24-08-25 03:22:54 | [INFO] aiogram.dispatcher | Run polling for bot @crocpatbot id=6976486638 - 'Homework save'
24-08-25 03:22:55 | [INFO] aiogram.event | Update id=732060905 is handled. Duration 918 ms by bot id=6976486638
24-08-25 03:23:05 | [INFO] aiogram.dispatcher | Polling stopped
24-08-25 03:23:05 | [ERROR] aiogram.dispatcher | Failed to fetch updates - TelegramNetworkError: HTTP Client says - ServerDisconnectedError: Server disconnected
24-08-25 03:23:05 | [WARNING] aiogram.dispatcher | Sleep for 1.000000 seconds and try again... (tryings = 0, bot id = 6976486638)
24-08-25 03:23:05 | [INFO] aiogram.dispatcher | Polling stopped for bot @crocpatbot id=6976486638 - 'Homework save'
24-08-25 03:23:05 | [INFO] __main__ | Bot interrupted and stopped.
24-08-25 03:24:33 | [INFO] aiogram.dispatcher | Start polling
24-08-25 03:24:33 | [INFO] aiogram.dispatcher | Run polling for bot @crocpatbot id=6976486638 - 'Homework save'
24-08-25 03:24:34 | [INFO] aiogram.event | Update id=732060906 is handled. Duration 1059 ms by bot id=6976486638
24-08-25 03:24:50 | [INFO] aiogram.dispatcher | Polling stopped
24-08-25 03:24:50 | [ERROR] aiogram.dispatcher | Failed to fetch updates - TelegramNetworkError: HTTP Client says - ServerDisconnectedError: Server disconnected
24-08-25 03:24:50 | [WARNING] aiogram.dispatcher | Sleep for 1.000000 seconds and try again... (tryings = 0, bot id = 6976486638)
24-08-25 03:24:50 | [INFO] aiogram.dispatcher | Polling stopped for bot @crocpatbot id=6976486638 - 'Homework save'
24-08-25 03:24:50 | [INFO] __main__ | Bot interrupted and stopped.
24-08-25 03:43:37 | [INFO] aiogram.dispatcher | Start polling
24-08-25 03:43:38 | [INFO] aiogram.dispatcher | Run polling for bot @crocpatbot id=6976486638 - 'Homework save'
24-08-25 03:43:39 | [INFO] aiogram.event | Update id=732060907 is handled. Duration 1168 ms by bot id=6976486638
24-08-25 03:43:41 | [ERROR] src.button_handle | Не получилось получить button_id: invalid literal for int() with base 10: 'main_menu_1'
24-08-25 03:43:41 | [INFO] aiogram.event | Update id=732060908 is handled. Duration 0 ms by bot id=6976486638
24-08-25 03:44:00 | [INFO] aiogram.dispatcher | Polling stopped
24-08-25 03:44:00 | [ERROR] aiogram.dispatcher | Failed to fetch updates - TelegramNetworkError: HTTP Client says - ServerDisconnectedError: Server disconnected
24-08-25 03:44:00 | [WARNING] aiogram.dispatcher | Sleep for 1.000000 seconds and try again... (tryings = 0, bot id = 6976486638)
24-08-25 03:44:00 | [INFO] aiogram.dispatcher | Polling stopped for bot @crocpatbot id=6976486638 - 'Homework save'
24-08-25 03:44:00 | [INFO] __main__ | Bot interrupted and stopped.
24-08-25 03:44:07 | [INFO] aiogram.dispatcher | Start polling
24-08-25 03:44:08 | [INFO] aiogram.dispatcher | Run polling for bot @crocpatbot id=6976486638 - 'Homework save'
24-08-25 03:44:09 | [INFO] aiogram.event | Update id=732060909 is handled. Duration 1123 ms by bot id=6976486638
24-08-25 03:44:10 | [INFO] aiogram.event | Update id=732060910 is not handled. Duration 0 ms by bot id=6976486638
24-08-25 03:44:10 | [ERROR] aiogram.event | Cause exception while process update id=732060910 by bot id=6976486638
NameError: name 'Subject' is not defined
Traceback (most recent call last):
  File "F:\Code\01 - Learn\SysRoad\home_works_bot\.venv\Lib\site-packages\aiogram\dispatcher\dispatcher.py", line 309, in _process_update
    response = await self.feed_update(bot, update, **kwargs)
               ^^^^^^^^^^^^^^^^^^^^^^^^^^^^^^^^^^^^^^^^^^^^^
  File "F:\Code\01 - Learn\SysRoad\home_works_bot\.venv\Lib\site-packages\aiogram\dispatcher\dispatcher.py", line 158, in feed_update
    response = await self.update.wrap_outer_middleware(
               ^^^^^^^^^^^^^^^^^^^^^^^^^^^^^^^^^^^^^^^^
    ...<7 lines>...
    )
    ^
  File "F:\Code\01 - Learn\SysRoad\home_works_bot\.venv\Lib\site-packages\aiogram\dispatcher\middlewares\error.py", line 25, in __call__
    return await handler(event, data)
           ^^^^^^^^^^^^^^^^^^^^^^^^^^
  File "F:\Code\01 - Learn\SysRoad\home_works_bot\.venv\Lib\site-packages\aiogram\dispatcher\middlewares\user_context.py", line 56, in __call__
    return await handler(event, data)
           ^^^^^^^^^^^^^^^^^^^^^^^^^^
  File "F:\Code\01 - Learn\SysRoad\home_works_bot\.venv\Lib\site-packages\aiogram\fsm\middleware.py", line 42, in __call__
    return await handler(event, data)
           ^^^^^^^^^^^^^^^^^^^^^^^^^^
  File "F:\Code\01 - Learn\SysRoad\home_works_bot\.venv\Lib\site-packages\aiogram\dispatcher\event\telegram.py", line 121, in trigger
    return await wrapped_inner(event, kwargs)
           ^^^^^^^^^^^^^^^^^^^^^^^^^^^^^^^^^^
  File "F:\Code\01 - Learn\SysRoad\home_works_bot\.venv\Lib\site-packages\aiogram\dispatcher\event\handler.py", line 43, in call
    return await wrapped()
           ^^^^^^^^^^^^^^^
  File "F:\Code\01 - Learn\SysRoad\home_works_bot\.venv\Lib\site-packages\aiogram\dispatcher\dispatcher.py", line 276, in _listen_update
    return await self.propagate_event(update_type=update_type, event=event, **kwargs)
           ^^^^^^^^^^^^^^^^^^^^^^^^^^^^^^^^^^^^^^^^^^^^^^^^^^^^^^^^^^^^^^^^^^^^^^^^^^
  File "F:\Code\01 - Learn\SysRoad\home_works_bot\.venv\Lib\site-packages\aiogram\dispatcher\router.py", line 146, in propagate_event
    return await observer.wrap_outer_middleware(_wrapped, event=event, data=kwargs)
           ^^^^^^^^^^^^^^^^^^^^^^^^^^^^^^^^^^^^^^^^^^^^^^^^^^^^^^^^^^^^^^^^^^^^^^^^
  File "F:\Code\01 - Learn\SysRoad\home_works_bot\.venv\Lib\site-packages\aiogram\dispatcher\router.py", line 141, in _wrapped
    return await self._propagate_event(
           ^^^^^^^^^^^^^^^^^^^^^^^^^^^^
        observer=observer, update_type=update_type, event=telegram_event, **data
        ^^^^^^^^^^^^^^^^^^^^^^^^^^^^^^^^^^^^^^^^^^^^^^^^^^^^^^^^^^^^^^^^^^^^^^^^
    )
    ^
  File "F:\Code\01 - Learn\SysRoad\home_works_bot\.venv\Lib\site-packages\aiogram\dispatcher\router.py", line 174, in _propagate_event
    response = await router.propagate_event(update_type=update_type, event=event, **kwargs)
               ^^^^^^^^^^^^^^^^^^^^^^^^^^^^^^^^^^^^^^^^^^^^^^^^^^^^^^^^^^^^^^^^^^^^^^^^^^^^
  File "F:\Code\01 - Learn\SysRoad\home_works_bot\.venv\Lib\site-packages\aiogram\dispatcher\router.py", line 146, in propagate_event
    return await observer.wrap_outer_middleware(_wrapped, event=event, data=kwargs)
           ^^^^^^^^^^^^^^^^^^^^^^^^^^^^^^^^^^^^^^^^^^^^^^^^^^^^^^^^^^^^^^^^^^^^^^^^
  File "F:\Code\01 - Learn\SysRoad\home_works_bot\.venv\Lib\site-packages\aiogram\dispatcher\router.py", line 141, in _wrapped
    return await self._propagate_event(
           ^^^^^^^^^^^^^^^^^^^^^^^^^^^^
        observer=observer, update_type=update_type, event=telegram_event, **data
        ^^^^^^^^^^^^^^^^^^^^^^^^^^^^^^^^^^^^^^^^^^^^^^^^^^^^^^^^^^^^^^^^^^^^^^^^
    )
    ^
  File "F:\Code\01 - Learn\SysRoad\home_works_bot\.venv\Lib\site-packages\aiogram\dispatcher\router.py", line 166, in _propagate_event
    response = await observer.trigger(event, **kwargs)
               ^^^^^^^^^^^^^^^^^^^^^^^^^^^^^^^^^^^^^^^
  File "F:\Code\01 - Learn\SysRoad\home_works_bot\.venv\Lib\site-packages\aiogram\dispatcher\event\telegram.py", line 121, in trigger
    return await wrapped_inner(event, kwargs)
           ^^^^^^^^^^^^^^^^^^^^^^^^^^^^^^^^^^
  File "F:\Code\01 - Learn\SysRoad\home_works_bot\.venv\Lib\site-packages\aiogram\dispatcher\event\handler.py", line 43, in call
    return await wrapped()
           ^^^^^^^^^^^^^^^
  File "F:\Code\01 - Learn\SysRoad\home_works_bot\src\button_handle.py", line 29, in handle_category_callback
    text, keyboard = get_subj_menu()
                     ~~~~~~~~~~~~~^^
  File "F:\Code\01 - Learn\SysRoad\home_works_bot\src\menus\subj_get.py", line 13, in get_subj_menu
    for subj in Subject:
                ^^^^^^^
NameError: name 'Subject' is not defined. Did you mean: 'object'?
24-08-25 03:46:26 | [INFO] aiogram.dispatcher | Polling stopped
24-08-25 03:46:26 | [ERROR] aiogram.dispatcher | Failed to fetch updates - TelegramNetworkError: HTTP Client says - ServerDisconnectedError: Server disconnected
24-08-25 03:46:26 | [WARNING] aiogram.dispatcher | Sleep for 1.000000 seconds and try again... (tryings = 0, bot id = 6976486638)
24-08-25 03:46:26 | [INFO] aiogram.dispatcher | Polling stopped for bot @crocpatbot id=6976486638 - 'Homework save'
24-08-25 03:46:26 | [INFO] __main__ | Bot interrupted and stopped.
24-08-25 03:46:35 | [INFO] aiogram.dispatcher | Start polling
24-08-25 03:46:35 | [INFO] aiogram.dispatcher | Run polling for bot @crocpatbot id=6976486638 - 'Homework save'
24-08-25 03:46:36 | [INFO] aiogram.event | Update id=732060911 is handled. Duration 1017 ms by bot id=6976486638
24-08-25 03:46:37 | [INFO] aiogram.event | Update id=732060912 is not handled. Duration 0 ms by bot id=6976486638
24-08-25 03:46:37 | [ERROR] aiogram.event | Cause exception while process update id=732060912 by bot id=6976486638
NameError: name 'Subject' is not defined
Traceback (most recent call last):
  File "F:\Code\01 - Learn\SysRoad\home_works_bot\.venv\Lib\site-packages\aiogram\dispatcher\dispatcher.py", line 309, in _process_update
    response = await self.feed_update(bot, update, **kwargs)
               ^^^^^^^^^^^^^^^^^^^^^^^^^^^^^^^^^^^^^^^^^^^^^
  File "F:\Code\01 - Learn\SysRoad\home_works_bot\.venv\Lib\site-packages\aiogram\dispatcher\dispatcher.py", line 158, in feed_update
    response = await self.update.wrap_outer_middleware(
               ^^^^^^^^^^^^^^^^^^^^^^^^^^^^^^^^^^^^^^^^
    ...<7 lines>...
    )
    ^
  File "F:\Code\01 - Learn\SysRoad\home_works_bot\.venv\Lib\site-packages\aiogram\dispatcher\middlewares\error.py", line 25, in __call__
    return await handler(event, data)
           ^^^^^^^^^^^^^^^^^^^^^^^^^^
  File "F:\Code\01 - Learn\SysRoad\home_works_bot\.venv\Lib\site-packages\aiogram\dispatcher\middlewares\user_context.py", line 56, in __call__
    return await handler(event, data)
           ^^^^^^^^^^^^^^^^^^^^^^^^^^
  File "F:\Code\01 - Learn\SysRoad\home_works_bot\.venv\Lib\site-packages\aiogram\fsm\middleware.py", line 42, in __call__
    return await handler(event, data)
           ^^^^^^^^^^^^^^^^^^^^^^^^^^
  File "F:\Code\01 - Learn\SysRoad\home_works_bot\.venv\Lib\site-packages\aiogram\dispatcher\event\telegram.py", line 121, in trigger
    return await wrapped_inner(event, kwargs)
           ^^^^^^^^^^^^^^^^^^^^^^^^^^^^^^^^^^
  File "F:\Code\01 - Learn\SysRoad\home_works_bot\.venv\Lib\site-packages\aiogram\dispatcher\event\handler.py", line 43, in call
    return await wrapped()
           ^^^^^^^^^^^^^^^
  File "F:\Code\01 - Learn\SysRoad\home_works_bot\.venv\Lib\site-packages\aiogram\dispatcher\dispatcher.py", line 276, in _listen_update
    return await self.propagate_event(update_type=update_type, event=event, **kwargs)
           ^^^^^^^^^^^^^^^^^^^^^^^^^^^^^^^^^^^^^^^^^^^^^^^^^^^^^^^^^^^^^^^^^^^^^^^^^^
  File "F:\Code\01 - Learn\SysRoad\home_works_bot\.venv\Lib\site-packages\aiogram\dispatcher\router.py", line 146, in propagate_event
    return await observer.wrap_outer_middleware(_wrapped, event=event, data=kwargs)
           ^^^^^^^^^^^^^^^^^^^^^^^^^^^^^^^^^^^^^^^^^^^^^^^^^^^^^^^^^^^^^^^^^^^^^^^^
  File "F:\Code\01 - Learn\SysRoad\home_works_bot\.venv\Lib\site-packages\aiogram\dispatcher\router.py", line 141, in _wrapped
    return await self._propagate_event(
           ^^^^^^^^^^^^^^^^^^^^^^^^^^^^
        observer=observer, update_type=update_type, event=telegram_event, **data
        ^^^^^^^^^^^^^^^^^^^^^^^^^^^^^^^^^^^^^^^^^^^^^^^^^^^^^^^^^^^^^^^^^^^^^^^^
    )
    ^
  File "F:\Code\01 - Learn\SysRoad\home_works_bot\.venv\Lib\site-packages\aiogram\dispatcher\router.py", line 174, in _propagate_event
    response = await router.propagate_event(update_type=update_type, event=event, **kwargs)
               ^^^^^^^^^^^^^^^^^^^^^^^^^^^^^^^^^^^^^^^^^^^^^^^^^^^^^^^^^^^^^^^^^^^^^^^^^^^^
  File "F:\Code\01 - Learn\SysRoad\home_works_bot\.venv\Lib\site-packages\aiogram\dispatcher\router.py", line 146, in propagate_event
    return await observer.wrap_outer_middleware(_wrapped, event=event, data=kwargs)
           ^^^^^^^^^^^^^^^^^^^^^^^^^^^^^^^^^^^^^^^^^^^^^^^^^^^^^^^^^^^^^^^^^^^^^^^^
  File "F:\Code\01 - Learn\SysRoad\home_works_bot\.venv\Lib\site-packages\aiogram\dispatcher\router.py", line 141, in _wrapped
    return await self._propagate_event(
           ^^^^^^^^^^^^^^^^^^^^^^^^^^^^
        observer=observer, update_type=update_type, event=telegram_event, **data
        ^^^^^^^^^^^^^^^^^^^^^^^^^^^^^^^^^^^^^^^^^^^^^^^^^^^^^^^^^^^^^^^^^^^^^^^^
    )
    ^
  File "F:\Code\01 - Learn\SysRoad\home_works_bot\.venv\Lib\site-packages\aiogram\dispatcher\router.py", line 166, in _propagate_event
    response = await observer.trigger(event, **kwargs)
               ^^^^^^^^^^^^^^^^^^^^^^^^^^^^^^^^^^^^^^^
  File "F:\Code\01 - Learn\SysRoad\home_works_bot\.venv\Lib\site-packages\aiogram\dispatcher\event\telegram.py", line 121, in trigger
    return await wrapped_inner(event, kwargs)
           ^^^^^^^^^^^^^^^^^^^^^^^^^^^^^^^^^^
  File "F:\Code\01 - Learn\SysRoad\home_works_bot\.venv\Lib\site-packages\aiogram\dispatcher\event\handler.py", line 43, in call
    return await wrapped()
           ^^^^^^^^^^^^^^^
  File "F:\Code\01 - Learn\SysRoad\home_works_bot\src\button_handle.py", line 29, in handle_category_callback
    text, keyboard = get_subj_menu()
                     ~~~~~~~~~~~~~^^
  File "F:\Code\01 - Learn\SysRoad\home_works_bot\src\menus\subj_get.py", line 13, in get_subj_menu
    for subj in Subject.__members__.keys():
                ^^^^^^^
NameError: name 'Subject' is not defined. Did you mean: 'object'?
24-08-25 03:47:07 | [INFO] aiogram.dispatcher | Polling stopped
24-08-25 03:47:07 | [ERROR] aiogram.dispatcher | Failed to fetch updates - TelegramNetworkError: HTTP Client says - ServerDisconnectedError: Server disconnected
24-08-25 03:47:07 | [WARNING] aiogram.dispatcher | Sleep for 1.000000 seconds and try again... (tryings = 0, bot id = 6976486638)
24-08-25 03:47:07 | [INFO] aiogram.dispatcher | Polling stopped for bot @crocpatbot id=6976486638 - 'Homework save'
24-08-25 03:47:07 | [INFO] __main__ | Bot interrupted and stopped.
24-08-25 03:47:16 | [INFO] aiogram.dispatcher | Start polling
24-08-25 03:47:16 | [INFO] aiogram.dispatcher | Run polling for bot @crocpatbot id=6976486638 - 'Homework save'
24-08-25 03:47:17 | [INFO] aiogram.event | Update id=732060913 is handled. Duration 1067 ms by bot id=6976486638
24-08-25 03:47:20 | [INFO] aiogram.event | Update id=732060914 is handled. Duration 114 ms by bot id=6976486638
24-08-25 03:47:29 | [INFO] aiogram.event | Update id=732060915 is handled. Duration 111 ms by bot id=6976486638
24-08-25 03:47:32 | [INFO] aiogram.event | Update id=732060916 is not handled. Duration 0 ms by bot id=6976486638
24-08-25 03:47:32 | [ERROR] aiogram.event | Cause exception while process update id=732060916 by bot id=6976486638
ValueError: too many values to unpack (expected 2)
Traceback (most recent call last):
  File "F:\Code\01 - Learn\SysRoad\home_works_bot\.venv\Lib\site-packages\aiogram\dispatcher\dispatcher.py", line 309, in _process_update
    response = await self.feed_update(bot, update, **kwargs)
               ^^^^^^^^^^^^^^^^^^^^^^^^^^^^^^^^^^^^^^^^^^^^^
  File "F:\Code\01 - Learn\SysRoad\home_works_bot\.venv\Lib\site-packages\aiogram\dispatcher\dispatcher.py", line 158, in feed_update
    response = await self.update.wrap_outer_middleware(
               ^^^^^^^^^^^^^^^^^^^^^^^^^^^^^^^^^^^^^^^^
    ...<7 lines>...
    )
    ^
  File "F:\Code\01 - Learn\SysRoad\home_works_bot\.venv\Lib\site-packages\aiogram\dispatcher\middlewares\error.py", line 25, in __call__
    return await handler(event, data)
           ^^^^^^^^^^^^^^^^^^^^^^^^^^
  File "F:\Code\01 - Learn\SysRoad\home_works_bot\.venv\Lib\site-packages\aiogram\dispatcher\middlewares\user_context.py", line 56, in __call__
    return await handler(event, data)
           ^^^^^^^^^^^^^^^^^^^^^^^^^^
  File "F:\Code\01 - Learn\SysRoad\home_works_bot\.venv\Lib\site-packages\aiogram\fsm\middleware.py", line 42, in __call__
    return await handler(event, data)
           ^^^^^^^^^^^^^^^^^^^^^^^^^^
  File "F:\Code\01 - Learn\SysRoad\home_works_bot\.venv\Lib\site-packages\aiogram\dispatcher\event\telegram.py", line 121, in trigger
    return await wrapped_inner(event, kwargs)
           ^^^^^^^^^^^^^^^^^^^^^^^^^^^^^^^^^^
  File "F:\Code\01 - Learn\SysRoad\home_works_bot\.venv\Lib\site-packages\aiogram\dispatcher\event\handler.py", line 43, in call
    return await wrapped()
           ^^^^^^^^^^^^^^^
  File "F:\Code\01 - Learn\SysRoad\home_works_bot\.venv\Lib\site-packages\aiogram\dispatcher\dispatcher.py", line 276, in _listen_update
    return await self.propagate_event(update_type=update_type, event=event, **kwargs)
           ^^^^^^^^^^^^^^^^^^^^^^^^^^^^^^^^^^^^^^^^^^^^^^^^^^^^^^^^^^^^^^^^^^^^^^^^^^
  File "F:\Code\01 - Learn\SysRoad\home_works_bot\.venv\Lib\site-packages\aiogram\dispatcher\router.py", line 146, in propagate_event
    return await observer.wrap_outer_middleware(_wrapped, event=event, data=kwargs)
           ^^^^^^^^^^^^^^^^^^^^^^^^^^^^^^^^^^^^^^^^^^^^^^^^^^^^^^^^^^^^^^^^^^^^^^^^
  File "F:\Code\01 - Learn\SysRoad\home_works_bot\.venv\Lib\site-packages\aiogram\dispatcher\router.py", line 141, in _wrapped
    return await self._propagate_event(
           ^^^^^^^^^^^^^^^^^^^^^^^^^^^^
        observer=observer, update_type=update_type, event=telegram_event, **data
        ^^^^^^^^^^^^^^^^^^^^^^^^^^^^^^^^^^^^^^^^^^^^^^^^^^^^^^^^^^^^^^^^^^^^^^^^
    )
    ^
  File "F:\Code\01 - Learn\SysRoad\home_works_bot\.venv\Lib\site-packages\aiogram\dispatcher\router.py", line 174, in _propagate_event
    response = await router.propagate_event(update_type=update_type, event=event, **kwargs)
               ^^^^^^^^^^^^^^^^^^^^^^^^^^^^^^^^^^^^^^^^^^^^^^^^^^^^^^^^^^^^^^^^^^^^^^^^^^^^
  File "F:\Code\01 - Learn\SysRoad\home_works_bot\.venv\Lib\site-packages\aiogram\dispatcher\router.py", line 146, in propagate_event
    return await observer.wrap_outer_middleware(_wrapped, event=event, data=kwargs)
           ^^^^^^^^^^^^^^^^^^^^^^^^^^^^^^^^^^^^^^^^^^^^^^^^^^^^^^^^^^^^^^^^^^^^^^^^
  File "F:\Code\01 - Learn\SysRoad\home_works_bot\.venv\Lib\site-packages\aiogram\dispatcher\router.py", line 141, in _wrapped
    return await self._propagate_event(
           ^^^^^^^^^^^^^^^^^^^^^^^^^^^^
        observer=observer, update_type=update_type, event=telegram_event, **data
        ^^^^^^^^^^^^^^^^^^^^^^^^^^^^^^^^^^^^^^^^^^^^^^^^^^^^^^^^^^^^^^^^^^^^^^^^
    )
    ^
  File "F:\Code\01 - Learn\SysRoad\home_works_bot\.venv\Lib\site-packages\aiogram\dispatcher\router.py", line 166, in _propagate_event
    response = await observer.trigger(event, **kwargs)
               ^^^^^^^^^^^^^^^^^^^^^^^^^^^^^^^^^^^^^^^
  File "F:\Code\01 - Learn\SysRoad\home_works_bot\.venv\Lib\site-packages\aiogram\dispatcher\event\telegram.py", line 121, in trigger
    return await wrapped_inner(event, kwargs)
           ^^^^^^^^^^^^^^^^^^^^^^^^^^^^^^^^^^
  File "F:\Code\01 - Learn\SysRoad\home_works_bot\.venv\Lib\site-packages\aiogram\dispatcher\event\handler.py", line 43, in call
    return await wrapped()
           ^^^^^^^^^^^^^^^
  File "F:\Code\01 - Learn\SysRoad\home_works_bot\src\button_handle.py", line 47, in handle_category_callback
    text, keyboard = get_hw_menu()
    ^^^^^^^^^^^^^^
ValueError: too many values to unpack (expected 2)
24-08-25 03:47:49 | [INFO] aiogram.dispatcher | Polling stopped
24-08-25 03:47:49 | [ERROR] aiogram.dispatcher | Failed to fetch updates - TelegramNetworkError: HTTP Client says - ServerDisconnectedError: Server disconnected
24-08-25 03:47:49 | [WARNING] aiogram.dispatcher | Sleep for 1.000000 seconds and try again... (tryings = 0, bot id = 6976486638)
24-08-25 03:47:49 | [INFO] aiogram.dispatcher | Polling stopped for bot @crocpatbot id=6976486638 - 'Homework save'
24-08-25 03:47:49 | [INFO] __main__ | Bot interrupted and stopped.
24-08-25 03:50:27 | [INFO] aiogram.dispatcher | Start polling
24-08-25 03:50:28 | [INFO] aiogram.dispatcher | Run polling for bot @crocpatbot id=6976486638 - 'Homework save'
24-08-25 03:50:29 | [INFO] aiogram.event | Update id=732060917 is handled. Duration 1060 ms by bot id=6976486638
24-08-25 03:50:31 | [INFO] aiogram.event | Update id=732060918 is handled. Duration 215 ms by bot id=6976486638
24-08-25 03:50:33 | [INFO] aiogram.event | Update id=732060919 is handled. Duration 210 ms by bot id=6976486638
24-08-25 03:50:34 | [INFO] aiogram.event | Update id=732060920 is handled. Duration 204 ms by bot id=6976486638
24-08-25 03:50:37 | [INFO] aiogram.event | Update id=732060921 is handled. Duration 486 ms by bot id=6976486638
24-08-25 03:59:23 | [INFO] aiogram.dispatcher | Polling stopped
24-08-25 03:59:23 | [ERROR] aiogram.dispatcher | Failed to fetch updates - TelegramNetworkError: HTTP Client says - ServerDisconnectedError: Server disconnected
24-08-25 03:59:23 | [WARNING] aiogram.dispatcher | Sleep for 1.000000 seconds and try again... (tryings = 0, bot id = 6976486638)
24-08-25 03:59:24 | [INFO] aiogram.dispatcher | Polling stopped for bot @crocpatbot id=6976486638 - 'Homework save'
24-08-25 03:59:24 | [INFO] __main__ | Bot interrupted and stopped.
24-08-25 03:59:32 | [INFO] aiogram.dispatcher | Start polling
24-08-25 03:59:32 | [INFO] aiogram.dispatcher | Run polling for bot @crocpatbot id=6976486638 - 'Homework save'
24-08-25 03:59:33 | [INFO] aiogram.event | Update id=732060922 is handled. Duration 857 ms by bot id=6976486638
24-08-25 03:59:37 | [INFO] aiogram.event | Update id=732060923 is handled. Duration 220 ms by bot id=6976486638
24-08-25 03:59:41 | [INFO] aiogram.event | Update id=732060924 is handled. Duration 222 ms by bot id=6976486638
24-08-25 03:59:42 | [INFO] aiogram.event | Update id=732060925 is handled. Duration 209 ms by bot id=6976486638
24-08-25 03:59:50 | [INFO] aiogram.event | Update id=732060926 is handled. Duration 737 ms by bot id=6976486638
24-08-25 03:59:58 | [INFO] aiogram.dispatcher | Polling stopped
24-08-25 03:59:58 | [ERROR] aiogram.dispatcher | Failed to fetch updates - TelegramNetworkError: HTTP Client says - ServerDisconnectedError: Server disconnected
24-08-25 03:59:58 | [WARNING] aiogram.dispatcher | Sleep for 1.000000 seconds and try again... (tryings = 0, bot id = 6976486638)
24-08-25 03:59:59 | [INFO] aiogram.dispatcher | Polling stopped for bot @crocpatbot id=6976486638 - 'Homework save'
24-08-25 03:59:59 | [INFO] __main__ | Bot interrupted and stopped.
24-08-25 04:09:50 | [INFO] aiogram.dispatcher | Start polling
24-08-25 04:09:51 | [INFO] aiogram.dispatcher | Run polling for bot @crocpatbot id=6976486638 - 'Homework save'
24-08-25 04:09:52 | [INFO] aiogram.event | Update id=732060927 is handled. Duration 937 ms by bot id=6976486638
24-08-25 04:09:53 | [INFO] aiogram.event | Update id=732060928 is handled. Duration 214 ms by bot id=6976486638
24-08-25 04:09:55 | [INFO] aiogram.event | Update id=732060929 is handled. Duration 367 ms by bot id=6976486638
24-08-25 04:09:57 | [INFO] aiogram.event | Update id=732060930 is handled. Duration 209 ms by bot id=6976486638
24-08-25 04:10:02 | [INFO] aiogram.event | Update id=732060931 is handled. Duration 521 ms by bot id=6976486638
24-08-25 04:10:06 | [INFO] aiogram.event | Update id=732060932 is handled. Duration 238 ms by bot id=6976486638
24-08-25 04:10:08 | [INFO] aiogram.event | Update id=732060933 is handled. Duration 301 ms by bot id=6976486638
24-08-25 04:10:09 | [INFO] aiogram.event | Update id=732060934 is handled. Duration 216 ms by bot id=6976486638
24-08-25 04:10:10 | [INFO] aiogram.event | Update id=732060935 is handled. Duration 501 ms by bot id=6976486638
24-08-25 04:11:15 | [INFO] aiogram.dispatcher | Polling stopped
24-08-25 04:11:15 | [ERROR] aiogram.dispatcher | Failed to fetch updates - TelegramNetworkError: HTTP Client says - ServerDisconnectedError: Server disconnected
24-08-25 04:11:15 | [WARNING] aiogram.dispatcher | Sleep for 1.000000 seconds and try again... (tryings = 0, bot id = 6976486638)
24-08-25 04:11:15 | [INFO] aiogram.dispatcher | Polling stopped for bot @crocpatbot id=6976486638 - 'Homework save'
24-08-25 04:11:15 | [INFO] __main__ | Bot interrupted and stopped.
24-08-25 04:11:22 | [INFO] aiogram.dispatcher | Start polling
24-08-25 04:11:23 | [INFO] aiogram.dispatcher | Run polling for bot @crocpatbot id=6976486638 - 'Homework save'
24-08-25 04:11:36 | [INFO] aiogram.event | Update id=732060936 is handled. Duration 890 ms by bot id=6976486638
24-08-25 04:11:37 | [INFO] aiogram.event | Update id=732060937 is handled. Duration 211 ms by bot id=6976486638
24-08-25 04:11:40 | [INFO] aiogram.event | Update id=732060938 is handled. Duration 323 ms by bot id=6976486638
24-08-25 04:11:43 | [INFO] aiogram.event | Update id=732060939 is handled. Duration 861 ms by bot id=6976486638
24-08-25 04:11:45 | [INFO] aiogram.event | Update id=732060940 is handled. Duration 232 ms by bot id=6976486638
24-08-25 04:11:46 | [INFO] aiogram.event | Update id=732060941 is handled. Duration 472 ms by bot id=6976486638
24-08-25 04:11:47 | [INFO] aiogram.event | Update id=732060942 is handled. Duration 211 ms by bot id=6976486638
24-08-25 04:11:51 | [INFO] aiogram.event | Update id=732060943 is handled. Duration 658 ms by bot id=6976486638
24-08-25 04:12:07 | [INFO] aiogram.dispatcher | Polling stopped
24-08-25 04:12:07 | [ERROR] aiogram.dispatcher | Failed to fetch updates - TelegramNetworkError: HTTP Client says - ServerDisconnectedError: Server disconnected
24-08-25 04:12:07 | [WARNING] aiogram.dispatcher | Sleep for 1.000000 seconds and try again... (tryings = 0, bot id = 6976486638)
24-08-25 04:12:07 | [INFO] aiogram.dispatcher | Polling stopped for bot @crocpatbot id=6976486638 - 'Homework save'
24-08-25 04:12:07 | [INFO] __main__ | Bot interrupted and stopped.
24-08-25 04:12:15 | [INFO] aiogram.dispatcher | Start polling
24-08-25 04:12:15 | [INFO] aiogram.dispatcher | Run polling for bot @crocpatbot id=6976486638 - 'Homework save'
24-08-25 04:12:20 | [INFO] aiogram.event | Update id=732060944 is handled. Duration 1066 ms by bot id=6976486638
24-08-25 04:13:11 | [INFO] aiogram.event | Update id=732060945 is handled. Duration 587 ms by bot id=6976486638
24-08-25 04:13:21 | [INFO] aiogram.event | Update id=732060946 is handled. Duration 250 ms by bot id=6976486638
24-08-25 04:13:26 | [INFO] aiogram.event | Update id=732060947 is handled. Duration 205 ms by bot id=6976486638
24-08-25 04:13:27 | [INFO] aiogram.event | Update id=732060948 is handled. Duration 220 ms by bot id=6976486638
24-08-25 04:13:38 | [INFO] aiogram.event | Update id=732060949 is handled. Duration 699 ms by bot id=6976486638
24-08-25 04:13:47 | [INFO] aiogram.event | Update id=732060950 is handled. Duration 226 ms by bot id=6976486638
24-08-25 04:13:50 | [INFO] aiogram.event | Update id=732060951 is handled. Duration 207 ms by bot id=6976486638
24-08-25 04:13:53 | [INFO] aiogram.event | Update id=732060952 is handled. Duration 673 ms by bot id=6976486638
24-08-25 04:14:05 | [INFO] aiogram.event | Update id=732060953 is handled. Duration 255 ms by bot id=6976486638
24-08-25 04:14:06 | [INFO] aiogram.event | Update id=732060954 is handled. Duration 209 ms by bot id=6976486638
24-08-25 04:14:12 | [INFO] aiogram.event | Update id=732060955 is handled. Duration 246 ms by bot id=6976486638
24-08-25 04:14:25 | [INFO] aiogram.event | Update id=732060956 is handled. Duration 653 ms by bot id=6976486638
24-08-25 04:14:35 | [INFO] aiogram.event | Update id=732060957 is handled. Duration 206 ms by bot id=6976486638
24-08-25 04:14:37 | [INFO] aiogram.event | Update id=732060958 is handled. Duration 240 ms by bot id=6976486638
24-08-25 04:14:40 | [INFO] aiogram.event | Update id=732060959 is handled. Duration 606 ms by bot id=6976486638
24-08-25 04:17:51 | [INFO] aiogram.event | Update id=732060960 is handled. Duration 319 ms by bot id=6976486638
24-08-25 04:17:52 | [INFO] aiogram.event | Update id=732060961 is handled. Duration 221 ms by bot id=6976486638
24-08-25 04:17:54 | [INFO] aiogram.event | Update id=732060962 is handled. Duration 312 ms by bot id=6976486638
24-08-25 04:17:55 | [INFO] aiogram.event | Update id=732060963 is handled. Duration 630 ms by bot id=6976486638
24-08-25 04:18:01 | [INFO] aiogram.event | Update id=732060964 is handled. Duration 250 ms by bot id=6976486638
24-08-25 04:18:03 | [INFO] aiogram.event | Update id=732060965 is handled. Duration 405 ms by bot id=6976486638
24-08-25 04:18:05 | [INFO] aiogram.event | Update id=732060966 is handled. Duration 677 ms by bot id=6976486638
24-08-25 04:18:34 | [INFO] aiogram.dispatcher | Polling stopped
24-08-25 04:18:34 | [ERROR] aiogram.dispatcher | Failed to fetch updates - TelegramNetworkError: HTTP Client says - ServerDisconnectedError: Server disconnected
24-08-25 04:18:34 | [WARNING] aiogram.dispatcher | Sleep for 1.000000 seconds and try again... (tryings = 0, bot id = 6976486638)
24-08-25 04:18:35 | [INFO] aiogram.dispatcher | Polling stopped for bot @crocpatbot id=6976486638 - 'Homework save'
24-08-25 04:18:35 | [INFO] __main__ | Bot interrupted and stopped.
24-08-25 05:03:50 | [INFO] aiogram.dispatcher | Start polling
24-08-25 05:03:50 | [INFO] aiogram.dispatcher | Run polling for bot @crocpatbot id=6976486638 - 'Homework save'
24-08-25 05:03:54 | [INFO] aiogram.event | Update id=732060967 is handled. Duration 832 ms by bot id=6976486638
24-08-25 05:05:00 | [INFO] aiogram.event | Update id=732060968 is handled. Duration 259 ms by bot id=6976486638
24-08-25 05:05:31 | [INFO] aiogram.event | Update id=732060969 is handled. Duration 199 ms by bot id=6976486638
24-08-25 05:06:38 | [INFO] aiogram.event | Update id=732060970 is handled. Duration 208 ms by bot id=6976486638
24-08-25 05:06:42 | [INFO] aiogram.event | Update id=732060971 is handled. Duration 734 ms by bot id=6976486638
24-08-25 05:06:57 | [INFO] aiogram.event | Update id=732060972 is handled. Duration 213 ms by bot id=6976486638
24-08-25 05:07:02 | [INFO] aiogram.event | Update id=732060973 is handled. Duration 234 ms by bot id=6976486638
24-08-25 05:07:04 | [INFO] aiogram.event | Update id=732060974 is handled. Duration 546 ms by bot id=6976486638
24-08-25 05:07:32 | [INFO] aiogram.dispatcher | Polling stopped
24-08-25 05:07:32 | [ERROR] aiogram.dispatcher | Failed to fetch updates - TelegramNetworkError: HTTP Client says - ServerDisconnectedError: Server disconnected
24-08-25 05:07:32 | [WARNING] aiogram.dispatcher | Sleep for 1.000000 seconds and try again... (tryings = 0, bot id = 6976486638)
24-08-25 05:07:32 | [INFO] aiogram.dispatcher | Polling stopped for bot @crocpatbot id=6976486638 - 'Homework save'
24-08-25 05:07:32 | [INFO] __main__ | Bot interrupted and stopped.
24-08-25 14:25:35 | [INFO] aiogram.dispatcher | Start polling
24-08-25 14:25:35 | [INFO] aiogram.dispatcher | Run polling for bot @crocpatbot id=6976486638 - 'Homework save'
24-08-25 14:26:57 | [INFO] aiogram.dispatcher | Start polling
24-08-25 14:26:58 | [INFO] aiogram.dispatcher | Run polling for bot @crocpatbot id=6976486638 - 'Homework save'
24-08-25 14:27:17 | [INFO] aiogram.dispatcher | Polling stopped
24-08-25 14:27:17 | [ERROR] aiogram.dispatcher | Failed to fetch updates - TelegramNetworkError: HTTP Client says - ServerDisconnectedError: Server disconnected
24-08-25 14:27:17 | [WARNING] aiogram.dispatcher | Sleep for 1.000000 seconds and try again... (tryings = 0, bot id = 6976486638)
24-08-25 14:27:17 | [INFO] aiogram.dispatcher | Polling stopped for bot @crocpatbot id=6976486638 - 'Homework save'
24-08-25 14:27:17 | [INFO] __main__ | Bot interrupted and stopped.
24-08-25 14:41:12 | [INFO] aiogram.dispatcher | Start polling
24-08-25 14:41:12 | [INFO] aiogram.dispatcher | Run polling for bot @crocpatbot id=6976486638 - 'Homework save'
24-08-25 14:49:13 | [INFO] aiogram.dispatcher | Start polling
24-08-25 14:49:13 | [INFO] aiogram.dispatcher | Run polling for bot @crocpatbot id=6976486638 - 'Homework save'
24-08-25 14:54:11 | [INFO] aiogram.dispatcher | Start polling
24-08-25 14:54:11 | [INFO] aiogram.dispatcher | Run polling for bot @crocpatbot id=6976486638 - 'Homework save'
24-08-25 15:00:04 | [INFO] aiogram.dispatcher | Start polling
24-08-25 15:00:04 | [INFO] aiogram.dispatcher | Run polling for bot @crocpatbot id=6976486638 - 'Homework save'
24-08-25 15:15:13 | [INFO] aiogram.dispatcher | Start polling
24-08-25 15:15:14 | [INFO] aiogram.dispatcher | Run polling for bot @crocpatbot id=6976486638 - 'Homework save'
24-08-25 15:19:08 | [INFO] aiogram.dispatcher | Start polling
24-08-25 15:19:08 | [INFO] aiogram.dispatcher | Run polling for bot @crocpatbot id=6976486638 - 'Homework save'
24-08-25 15:19:08 | [ERROR] aiogram.dispatcher | Failed to fetch updates - TelegramConflictError: Telegram server says - Conflict: terminated by other getUpdates request; make sure that only one bot instance is running
24-08-25 15:19:08 | [WARNING] aiogram.dispatcher | Sleep for 1.000000 seconds and try again... (tryings = 0, bot id = 6976486638)
24-08-25 15:19:12 | [ERROR] aiogram.dispatcher | Failed to fetch updates - TelegramConflictError: Telegram server says - Conflict: terminated by other getUpdates request; make sure that only one bot instance is running
24-08-25 15:19:12 | [WARNING] aiogram.dispatcher | Sleep for 1.000000 seconds and try again... (tryings = 0, bot id = 6976486638)
24-08-25 15:19:13 | [ERROR] aiogram.dispatcher | Failed to fetch updates - TelegramConflictError: Telegram server says - Conflict: terminated by other getUpdates request; make sure that only one bot instance is running
24-08-25 15:19:13 | [WARNING] aiogram.dispatcher | Sleep for 1.499135 seconds and try again... (tryings = 1, bot id = 6976486638)
24-08-25 15:19:18 | [ERROR] aiogram.dispatcher | Failed to fetch updates - TelegramConflictError: Telegram server says - Conflict: terminated by other getUpdates request; make sure that only one bot instance is running
24-08-25 15:19:18 | [WARNING] aiogram.dispatcher | Sleep for 1.481983 seconds and try again... (tryings = 1, bot id = 6976486638)
24-08-25 15:19:19 | [ERROR] aiogram.dispatcher | Failed to fetch updates - TelegramConflictError: Telegram server says - Conflict: terminated by other getUpdates request; make sure that only one bot instance is running
24-08-25 15:19:19 | [WARNING] aiogram.dispatcher | Sleep for 2.022847 seconds and try again... (tryings = 2, bot id = 6976486638)
24-08-25 15:19:24 | [ERROR] aiogram.dispatcher | Failed to fetch updates - TelegramConflictError: Telegram server says - Conflict: terminated by other getUpdates request; make sure that only one bot instance is running
24-08-25 15:19:24 | [WARNING] aiogram.dispatcher | Sleep for 1.845686 seconds and try again... (tryings = 2, bot id = 6976486638)
24-08-25 15:19:25 | [INFO] aiogram.dispatcher | Start polling
24-08-25 15:19:25 | [INFO] aiogram.dispatcher | Run polling for bot @crocpatbot id=6976486638 - 'Homework save'
24-08-25 15:19:25 | [ERROR] aiogram.dispatcher | Failed to fetch updates - TelegramConflictError: Telegram server says - Conflict: terminated by other getUpdates request; make sure that only one bot instance is running
24-08-25 15:19:25 | [WARNING] aiogram.dispatcher | Sleep for 2.734127 seconds and try again... (tryings = 3, bot id = 6976486638)
24-08-25 15:19:29 | [ERROR] aiogram.dispatcher | Failed to fetch updates - TelegramConflictError: Telegram server says - Conflict: terminated by other getUpdates request; make sure that only one bot instance is running
24-08-25 15:19:29 | [WARNING] aiogram.dispatcher | Sleep for 1.000000 seconds and try again... (tryings = 0, bot id = 6976486638)
24-08-25 15:19:31 | [ERROR] aiogram.dispatcher | Failed to fetch updates - TelegramConflictError: Telegram server says - Conflict: terminated by other getUpdates request; make sure that only one bot instance is running
24-08-25 15:19:31 | [WARNING] aiogram.dispatcher | Sleep for 3.453012 seconds and try again... (tryings = 4, bot id = 6976486638)
24-08-25 15:19:31 | [ERROR] aiogram.dispatcher | Failed to fetch updates - TelegramConflictError: Telegram server says - Conflict: terminated by other getUpdates request; make sure that only one bot instance is running
24-08-25 15:19:31 | [WARNING] aiogram.dispatcher | Sleep for 2.303656 seconds and try again... (tryings = 3, bot id = 6976486638)
24-08-25 15:19:34 | [ERROR] aiogram.dispatcher | Failed to fetch updates - TelegramConflictError: Telegram server says - Conflict: terminated by other getUpdates request; make sure that only one bot instance is running
24-08-25 15:19:34 | [WARNING] aiogram.dispatcher | Sleep for 2.868191 seconds and try again... (tryings = 4, bot id = 6976486638)
24-08-25 15:19:36 | [ERROR] aiogram.dispatcher | Failed to fetch updates - TelegramConflictError: Telegram server says - Conflict: terminated by other getUpdates request; make sure that only one bot instance is running
24-08-25 15:19:36 | [WARNING] aiogram.dispatcher | Sleep for 1.408467 seconds and try again... (tryings = 1, bot id = 6976486638)
24-08-25 15:19:38 | [ERROR] aiogram.dispatcher | Failed to fetch updates - TelegramConflictError: Telegram server says - Conflict: terminated by other getUpdates request; make sure that only one bot instance is running
24-08-25 15:19:38 | [WARNING] aiogram.dispatcher | Sleep for 3.668987 seconds and try again... (tryings = 5, bot id = 6976486638)
24-08-25 15:19:40 | [ERROR] aiogram.dispatcher | Failed to fetch updates - TelegramConflictError: Telegram server says - Conflict: terminated by other getUpdates request; make sure that only one bot instance is running
24-08-25 15:19:40 | [WARNING] aiogram.dispatcher | Sleep for 4.590111 seconds and try again... (tryings = 5, bot id = 6976486638)
24-08-25 15:19:42 | [ERROR] aiogram.dispatcher | Failed to fetch updates - TelegramConflictError: Telegram server says - Conflict: terminated by other getUpdates request; make sure that only one bot instance is running
24-08-25 15:19:42 | [WARNING] aiogram.dispatcher | Sleep for 1.851621 seconds and try again... (tryings = 2, bot id = 6976486638)
24-08-25 15:19:45 | [ERROR] aiogram.dispatcher | Failed to fetch updates - TelegramConflictError: Telegram server says - Conflict: terminated by other getUpdates request; make sure that only one bot instance is running
24-08-25 15:19:45 | [WARNING] aiogram.dispatcher | Sleep for 2.361491 seconds and try again... (tryings = 3, bot id = 6976486638)
24-08-25 15:19:47 | [ERROR] aiogram.dispatcher | Failed to fetch updates - TelegramConflictError: Telegram server says - Conflict: terminated by other getUpdates request; make sure that only one bot instance is running
24-08-25 15:19:47 | [WARNING] aiogram.dispatcher | Sleep for 4.853114 seconds and try again... (tryings = 6, bot id = 6976486638)
24-08-25 15:19:50 | [ERROR] aiogram.dispatcher | Failed to fetch updates - TelegramConflictError: Telegram server says - Conflict: terminated by other getUpdates request; make sure that only one bot instance is running
24-08-25 15:19:50 | [WARNING] aiogram.dispatcher | Sleep for 5.118878 seconds and try again... (tryings = 6, bot id = 6976486638)
24-08-25 15:19:52 | [ERROR] aiogram.dispatcher | Failed to fetch updates - TelegramConflictError: Telegram server says - Conflict: terminated by other getUpdates request; make sure that only one bot instance is running
24-08-25 15:19:52 | [WARNING] aiogram.dispatcher | Sleep for 3.135611 seconds and try again... (tryings = 4, bot id = 6976486638)
24-08-25 15:19:55 | [ERROR] aiogram.dispatcher | Failed to fetch updates - TelegramConflictError: Telegram server says - Conflict: terminated by other getUpdates request; make sure that only one bot instance is running
24-08-25 15:19:55 | [WARNING] aiogram.dispatcher | Sleep for 5.085519 seconds and try again... (tryings = 7, bot id = 6976486638)
24-08-25 15:19:58 | [ERROR] aiogram.dispatcher | Failed to fetch updates - TelegramConflictError: Telegram server says - Conflict: terminated by other getUpdates request; make sure that only one bot instance is running
24-08-25 15:19:58 | [WARNING] aiogram.dispatcher | Sleep for 4.095686 seconds and try again... (tryings = 5, bot id = 6976486638)
24-08-25 15:20:00 | [ERROR] aiogram.dispatcher | Failed to fetch updates - TelegramConflictError: Telegram server says - Conflict: terminated by other getUpdates request; make sure that only one bot instance is running
24-08-25 15:20:00 | [WARNING] aiogram.dispatcher | Sleep for 5.079310 seconds and try again... (tryings = 7, bot id = 6976486638)
24-08-25 15:20:05 | [ERROR] aiogram.dispatcher | Failed to fetch updates - TelegramConflictError: Telegram server says - Conflict: terminated by other getUpdates request; make sure that only one bot instance is running
24-08-25 15:20:05 | [WARNING] aiogram.dispatcher | Sleep for 4.905134 seconds and try again... (tryings = 6, bot id = 6976486638)
24-08-25 15:20:06 | [ERROR] aiogram.dispatcher | Failed to fetch updates - TelegramConflictError: Telegram server says - Conflict: terminated by other getUpdates request; make sure that only one bot instance is running
24-08-25 15:20:06 | [WARNING] aiogram.dispatcher | Sleep for 4.925508 seconds and try again... (tryings = 8, bot id = 6976486638)
24-08-25 15:20:10 | [ERROR] aiogram.dispatcher | Failed to fetch updates - TelegramConflictError: Telegram server says - Conflict: terminated by other getUpdates request; make sure that only one bot instance is running
24-08-25 15:20:10 | [WARNING] aiogram.dispatcher | Sleep for 4.939357 seconds and try again... (tryings = 8, bot id = 6976486638)
24-08-25 15:20:14 | [ERROR] aiogram.dispatcher | Failed to fetch updates - TelegramConflictError: Telegram server says - Conflict: terminated by other getUpdates request; make sure that only one bot instance is running
24-08-25 15:20:14 | [WARNING] aiogram.dispatcher | Sleep for 4.938973 seconds and try again... (tryings = 7, bot id = 6976486638)
24-08-25 15:20:15 | [ERROR] aiogram.dispatcher | Failed to fetch updates - TelegramConflictError: Telegram server says - Conflict: terminated by other getUpdates request; make sure that only one bot instance is running
24-08-25 15:20:15 | [WARNING] aiogram.dispatcher | Sleep for 5.011380 seconds and try again... (tryings = 9, bot id = 6976486638)
24-08-25 15:20:19 | [ERROR] aiogram.dispatcher | Failed to fetch updates - TelegramConflictError: Telegram server says - Conflict: terminated by other getUpdates request; make sure that only one bot instance is running
24-08-25 15:20:19 | [WARNING] aiogram.dispatcher | Sleep for 4.952282 seconds and try again... (tryings = 9, bot id = 6976486638)
24-08-25 15:20:23 | [ERROR] aiogram.dispatcher | Failed to fetch updates - TelegramConflictError: Telegram server says - Conflict: terminated by other getUpdates request; make sure that only one bot instance is running
24-08-25 15:20:23 | [WARNING] aiogram.dispatcher | Sleep for 5.083165 seconds and try again... (tryings = 8, bot id = 6976486638)
24-08-25 15:20:24 | [ERROR] aiogram.dispatcher | Failed to fetch updates - TelegramConflictError: Telegram server says - Conflict: terminated by other getUpdates request; make sure that only one bot instance is running
24-08-25 15:20:24 | [WARNING] aiogram.dispatcher | Sleep for 4.999485 seconds and try again... (tryings = 10, bot id = 6976486638)
24-08-25 15:20:28 | [ERROR] aiogram.dispatcher | Failed to fetch updates - TelegramConflictError: Telegram server says - Conflict: terminated by other getUpdates request; make sure that only one bot instance is running
24-08-25 15:20:28 | [WARNING] aiogram.dispatcher | Sleep for 5.089705 seconds and try again... (tryings = 10, bot id = 6976486638)
24-08-25 15:20:32 | [ERROR] aiogram.dispatcher | Failed to fetch updates - TelegramConflictError: Telegram server says - Conflict: terminated by other getUpdates request; make sure that only one bot instance is running
24-08-25 15:20:32 | [WARNING] aiogram.dispatcher | Sleep for 4.776369 seconds and try again... (tryings = 9, bot id = 6976486638)
24-08-25 15:20:34 | [ERROR] aiogram.dispatcher | Failed to fetch updates - TelegramConflictError: Telegram server says - Conflict: terminated by other getUpdates request; make sure that only one bot instance is running
24-08-25 15:20:34 | [WARNING] aiogram.dispatcher | Sleep for 5.061195 seconds and try again... (tryings = 11, bot id = 6976486638)
24-08-25 15:20:37 | [ERROR] aiogram.dispatcher | Failed to fetch updates - TelegramConflictError: Telegram server says - Conflict: terminated by other getUpdates request; make sure that only one bot instance is running
24-08-25 15:20:37 | [WARNING] aiogram.dispatcher | Sleep for 4.890332 seconds and try again... (tryings = 11, bot id = 6976486638)
24-08-25 15:20:42 | [ERROR] aiogram.dispatcher | Failed to fetch updates - TelegramConflictError: Telegram server says - Conflict: terminated by other getUpdates request; make sure that only one bot instance is running
24-08-25 15:20:42 | [WARNING] aiogram.dispatcher | Sleep for 5.010144 seconds and try again... (tryings = 12, bot id = 6976486638)
24-08-25 15:20:42 | [ERROR] aiogram.dispatcher | Failed to fetch updates - TelegramConflictError: Telegram server says - Conflict: terminated by other getUpdates request; make sure that only one bot instance is running
24-08-25 15:20:42 | [WARNING] aiogram.dispatcher | Sleep for 4.894457 seconds and try again... (tryings = 10, bot id = 6976486638)
24-08-25 15:20:47 | [ERROR] aiogram.dispatcher | Failed to fetch updates - TelegramConflictError: Telegram server says - Conflict: terminated by other getUpdates request; make sure that only one bot instance is running
24-08-25 15:20:47 | [WARNING] aiogram.dispatcher | Sleep for 4.843533 seconds and try again... (tryings = 12, bot id = 6976486638)
24-08-25 15:20:50 | [ERROR] aiogram.dispatcher | Failed to fetch updates - TelegramConflictError: Telegram server says - Conflict: terminated by other getUpdates request; make sure that only one bot instance is running
24-08-25 15:20:50 | [WARNING] aiogram.dispatcher | Sleep for 4.963557 seconds and try again... (tryings = 11, bot id = 6976486638)
24-08-25 15:20:52 | [ERROR] aiogram.dispatcher | Failed to fetch updates - TelegramConflictError: Telegram server says - Conflict: terminated by other getUpdates request; make sure that only one bot instance is running
24-08-25 15:20:52 | [WARNING] aiogram.dispatcher | Sleep for 5.148899 seconds and try again... (tryings = 13, bot id = 6976486638)
24-08-25 15:20:55 | [ERROR] aiogram.dispatcher | Failed to fetch updates - TelegramConflictError: Telegram server says - Conflict: terminated by other getUpdates request; make sure that only one bot instance is running
24-08-25 15:20:55 | [WARNING] aiogram.dispatcher | Sleep for 5.086291 seconds and try again... (tryings = 13, bot id = 6976486638)
24-08-25 15:21:00 | [ERROR] aiogram.dispatcher | Failed to fetch updates - TelegramConflictError: Telegram server says - Conflict: terminated by other getUpdates request; make sure that only one bot instance is running
24-08-25 15:21:00 | [WARNING] aiogram.dispatcher | Sleep for 4.954995 seconds and try again... (tryings = 12, bot id = 6976486638)
24-08-25 15:21:00 | [ERROR] aiogram.dispatcher | Failed to fetch updates - TelegramConflictError: Telegram server says - Conflict: terminated by other getUpdates request; make sure that only one bot instance is running
24-08-25 15:21:00 | [WARNING] aiogram.dispatcher | Sleep for 4.936447 seconds and try again... (tryings = 14, bot id = 6976486638)
24-08-25 15:21:05 | [ERROR] aiogram.dispatcher | Failed to fetch updates - TelegramConflictError: Telegram server says - Conflict: terminated by other getUpdates request; make sure that only one bot instance is running
24-08-25 15:21:05 | [WARNING] aiogram.dispatcher | Sleep for 5.034997 seconds and try again... (tryings = 14, bot id = 6976486638)
24-08-25 15:21:08 | [ERROR] aiogram.dispatcher | Failed to fetch updates - TelegramConflictError: Telegram server says - Conflict: terminated by other getUpdates request; make sure that only one bot instance is running
24-08-25 15:21:08 | [WARNING] aiogram.dispatcher | Sleep for 5.189366 seconds and try again... (tryings = 13, bot id = 6976486638)
24-08-25 15:21:10 | [ERROR] aiogram.dispatcher | Failed to fetch updates - TelegramConflictError: Telegram server says - Conflict: terminated by other getUpdates request; make sure that only one bot instance is running
24-08-25 15:21:10 | [WARNING] aiogram.dispatcher | Sleep for 5.048909 seconds and try again... (tryings = 15, bot id = 6976486638)
24-08-25 15:21:13 | [ERROR] aiogram.dispatcher | Failed to fetch updates - TelegramConflictError: Telegram server says - Conflict: terminated by other getUpdates request; make sure that only one bot instance is running
24-08-25 15:21:13 | [WARNING] aiogram.dispatcher | Sleep for 4.844049 seconds and try again... (tryings = 15, bot id = 6976486638)
24-08-25 15:21:18 | [ERROR] aiogram.dispatcher | Failed to fetch updates - TelegramConflictError: Telegram server says - Conflict: terminated by other getUpdates request; make sure that only one bot instance is running
24-08-25 15:21:18 | [WARNING] aiogram.dispatcher | Sleep for 4.877413 seconds and try again... (tryings = 16, bot id = 6976486638)
24-08-25 15:21:18 | [ERROR] aiogram.dispatcher | Failed to fetch updates - TelegramConflictError: Telegram server says - Conflict: terminated by other getUpdates request; make sure that only one bot instance is running
24-08-25 15:21:18 | [WARNING] aiogram.dispatcher | Sleep for 5.082807 seconds and try again... (tryings = 14, bot id = 6976486638)
24-08-25 15:21:23 | [ERROR] aiogram.dispatcher | Failed to fetch updates - TelegramConflictError: Telegram server says - Conflict: terminated by other getUpdates request; make sure that only one bot instance is running
24-08-25 15:21:23 | [WARNING] aiogram.dispatcher | Sleep for 5.108020 seconds and try again... (tryings = 16, bot id = 6976486638)
24-08-25 15:21:26 | [ERROR] aiogram.dispatcher | Failed to fetch updates - TelegramConflictError: Telegram server says - Conflict: terminated by other getUpdates request; make sure that only one bot instance is running
24-08-25 15:21:26 | [WARNING] aiogram.dispatcher | Sleep for 4.841000 seconds and try again... (tryings = 17, bot id = 6976486638)
24-08-25 15:21:28 | [ERROR] aiogram.dispatcher | Failed to fetch updates - TelegramConflictError: Telegram server says - Conflict: terminated by other getUpdates request; make sure that only one bot instance is running
24-08-25 15:21:28 | [WARNING] aiogram.dispatcher | Sleep for 4.933970 seconds and try again... (tryings = 15, bot id = 6976486638)
24-08-25 15:21:33 | [ERROR] aiogram.dispatcher | Failed to fetch updates - TelegramConflictError: Telegram server says - Conflict: terminated by other getUpdates request; make sure that only one bot instance is running
24-08-25 15:21:33 | [WARNING] aiogram.dispatcher | Sleep for 5.062577 seconds and try again... (tryings = 18, bot id = 6976486638)
24-08-25 15:21:34 | [ERROR] aiogram.dispatcher | Failed to fetch updates - TelegramConflictError: Telegram server says - Conflict: terminated by other getUpdates request; make sure that only one bot instance is running
24-08-25 15:21:34 | [WARNING] aiogram.dispatcher | Sleep for 4.943145 seconds and try again... (tryings = 17, bot id = 6976486638)
24-08-25 15:21:39 | [ERROR] aiogram.dispatcher | Failed to fetch updates - TelegramConflictError: Telegram server says - Conflict: terminated by other getUpdates request; make sure that only one bot instance is running
24-08-25 15:21:39 | [WARNING] aiogram.dispatcher | Sleep for 5.107233 seconds and try again... (tryings = 16, bot id = 6976486638)
24-08-25 15:21:42 | [ERROR] aiogram.dispatcher | Failed to fetch updates - TelegramConflictError: Telegram server says - Conflict: terminated by other getUpdates request; make sure that only one bot instance is running
24-08-25 15:21:42 | [WARNING] aiogram.dispatcher | Sleep for 5.145570 seconds and try again... (tryings = 19, bot id = 6976486638)
24-08-25 15:21:44 | [ERROR] aiogram.dispatcher | Failed to fetch updates - TelegramConflictError: Telegram server says - Conflict: terminated by other getUpdates request; make sure that only one bot instance is running
24-08-25 15:21:44 | [WARNING] aiogram.dispatcher | Sleep for 5.010611 seconds and try again... (tryings = 18, bot id = 6976486638)
24-08-25 15:21:48 | [ERROR] aiogram.dispatcher | Failed to fetch updates - TelegramConflictError: Telegram server says - Conflict: terminated by other getUpdates request; make sure that only one bot instance is running
24-08-25 15:21:48 | [WARNING] aiogram.dispatcher | Sleep for 4.866192 seconds and try again... (tryings = 17, bot id = 6976486638)
24-08-25 15:21:52 | [ERROR] aiogram.dispatcher | Failed to fetch updates - TelegramConflictError: Telegram server says - Conflict: terminated by other getUpdates request; make sure that only one bot instance is running
24-08-25 15:21:52 | [WARNING] aiogram.dispatcher | Sleep for 5.080057 seconds and try again... (tryings = 20, bot id = 6976486638)
24-08-25 15:21:53 | [ERROR] aiogram.dispatcher | Failed to fetch updates - TelegramConflictError: Telegram server says - Conflict: terminated by other getUpdates request; make sure that only one bot instance is running
24-08-25 15:21:53 | [WARNING] aiogram.dispatcher | Sleep for 4.895153 seconds and try again... (tryings = 19, bot id = 6976486638)
24-08-25 15:21:57 | [ERROR] aiogram.dispatcher | Failed to fetch updates - TelegramConflictError: Telegram server says - Conflict: terminated by other getUpdates request; make sure that only one bot instance is running
24-08-25 15:21:57 | [WARNING] aiogram.dispatcher | Sleep for 4.900678 seconds and try again... (tryings = 18, bot id = 6976486638)
24-08-25 15:22:01 | [ERROR] aiogram.dispatcher | Failed to fetch updates - TelegramConflictError: Telegram server says - Conflict: terminated by other getUpdates request; make sure that only one bot instance is running
24-08-25 15:22:01 | [WARNING] aiogram.dispatcher | Sleep for 4.973484 seconds and try again... (tryings = 21, bot id = 6976486638)
24-08-25 15:22:02 | [ERROR] aiogram.dispatcher | Failed to fetch updates - TelegramConflictError: Telegram server says - Conflict: terminated by other getUpdates request; make sure that only one bot instance is running
24-08-25 15:22:02 | [WARNING] aiogram.dispatcher | Sleep for 4.935073 seconds and try again... (tryings = 20, bot id = 6976486638)
24-08-25 15:22:05 | [INFO] aiogram.dispatcher | Start polling
24-08-25 15:22:05 | [INFO] aiogram.dispatcher | Run polling for bot @crocpatbot id=6976486638 - 'Homework save'
24-08-25 15:22:06 | [ERROR] aiogram.dispatcher | Failed to fetch updates - TelegramConflictError: Telegram server says - Conflict: terminated by other getUpdates request; make sure that only one bot instance is running
24-08-25 15:22:06 | [WARNING] aiogram.dispatcher | Sleep for 4.983870 seconds and try again... (tryings = 19, bot id = 6976486638)
24-08-25 15:22:09 | [ERROR] aiogram.dispatcher | Failed to fetch updates - TelegramConflictError: Telegram server says - Conflict: terminated by other getUpdates request; make sure that only one bot instance is running
24-08-25 15:22:09 | [WARNING] aiogram.dispatcher | Sleep for 1.000000 seconds and try again... (tryings = 0, bot id = 6976486638)
24-08-25 15:22:10 | [ERROR] aiogram.dispatcher | Failed to fetch updates - TelegramConflictError: Telegram server says - Conflict: terminated by other getUpdates request; make sure that only one bot instance is running
24-08-25 15:22:10 | [WARNING] aiogram.dispatcher | Sleep for 5.007487 seconds and try again... (tryings = 21, bot id = 6976486638)
24-08-25 15:22:10 | [ERROR] aiogram.dispatcher | Failed to fetch updates - TelegramConflictError: Telegram server says - Conflict: terminated by other getUpdates request; make sure that only one bot instance is running
24-08-25 15:22:10 | [WARNING] aiogram.dispatcher | Sleep for 4.832824 seconds and try again... (tryings = 22, bot id = 6976486638)
24-08-25 15:22:14 | [ERROR] aiogram.dispatcher | Failed to fetch updates - TelegramConflictError: Telegram server says - Conflict: terminated by other getUpdates request; make sure that only one bot instance is running
24-08-25 15:22:14 | [WARNING] aiogram.dispatcher | Sleep for 1.508823 seconds and try again... (tryings = 1, bot id = 6976486638)
24-08-25 15:22:15 | [ERROR] aiogram.dispatcher | Failed to fetch updates - TelegramConflictError: Telegram server says - Conflict: terminated by other getUpdates request; make sure that only one bot instance is running
24-08-25 15:22:15 | [WARNING] aiogram.dispatcher | Sleep for 5.072987 seconds and try again... (tryings = 20, bot id = 6976486638)
24-08-25 15:22:18 | [ERROR] aiogram.dispatcher | Failed to fetch updates - TelegramConflictError: Telegram server says - Conflict: terminated by other getUpdates request; make sure that only one bot instance is running
24-08-25 15:22:18 | [WARNING] aiogram.dispatcher | Sleep for 5.135962 seconds and try again... (tryings = 22, bot id = 6976486638)
24-08-25 15:22:18 | [ERROR] aiogram.dispatcher | Failed to fetch updates - TelegramConflictError: Telegram server says - Conflict: terminated by other getUpdates request; make sure that only one bot instance is running
24-08-25 15:22:18 | [WARNING] aiogram.dispatcher | Sleep for 4.895933 seconds and try again... (tryings = 23, bot id = 6976486638)
24-08-25 15:22:20 | [ERROR] aiogram.dispatcher | Failed to fetch updates - TelegramConflictError: Telegram server says - Conflict: terminated by other getUpdates request; make sure that only one bot instance is running
24-08-25 15:22:20 | [WARNING] aiogram.dispatcher | Sleep for 1.959074 seconds and try again... (tryings = 2, bot id = 6976486638)
24-08-25 15:22:23 | [ERROR] aiogram.dispatcher | Failed to fetch updates - TelegramConflictError: Telegram server says - Conflict: terminated by other getUpdates request; make sure that only one bot instance is running
24-08-25 15:22:23 | [WARNING] aiogram.dispatcher | Sleep for 2.767369 seconds and try again... (tryings = 3, bot id = 6976486638)
24-08-25 15:22:25 | [ERROR] aiogram.dispatcher | Failed to fetch updates - TelegramConflictError: Telegram server says - Conflict: terminated by other getUpdates request; make sure that only one bot instance is running
24-08-25 15:22:25 | [WARNING] aiogram.dispatcher | Sleep for 4.947265 seconds and try again... (tryings = 21, bot id = 6976486638)
24-08-25 15:22:26 | [ERROR] aiogram.dispatcher | Failed to fetch updates - TelegramConflictError: Telegram server says - Conflict: terminated by other getUpdates request; make sure that only one bot instance is running
24-08-25 15:22:26 | [WARNING] aiogram.dispatcher | Sleep for 5.057435 seconds and try again... (tryings = 24, bot id = 6976486638)
24-08-25 15:22:29 | [ERROR] aiogram.dispatcher | Failed to fetch updates - TelegramConflictError: Telegram server says - Conflict: terminated by other getUpdates request; make sure that only one bot instance is running
24-08-25 15:22:29 | [WARNING] aiogram.dispatcher | Sleep for 5.064653 seconds and try again... (tryings = 23, bot id = 6976486638)
24-08-25 15:22:30 | [ERROR] aiogram.dispatcher | Failed to fetch updates - TelegramConflictError: Telegram server says - Conflict: terminated by other getUpdates request; make sure that only one bot instance is running
24-08-25 15:22:30 | [WARNING] aiogram.dispatcher | Sleep for 3.524755 seconds and try again... (tryings = 4, bot id = 6976486638)
24-08-25 15:22:34 | [ERROR] aiogram.dispatcher | Failed to fetch updates - TelegramConflictError: Telegram server says - Conflict: terminated by other getUpdates request; make sure that only one bot instance is running
24-08-25 15:22:34 | [WARNING] aiogram.dispatcher | Sleep for 4.858711 seconds and try again... (tryings = 25, bot id = 6976486638)
24-08-25 15:22:34 | [ERROR] aiogram.dispatcher | Failed to fetch updates - TelegramConflictError: Telegram server says - Conflict: terminated by other getUpdates request; make sure that only one bot instance is running
24-08-25 15:22:34 | [WARNING] aiogram.dispatcher | Sleep for 5.132266 seconds and try again... (tryings = 22, bot id = 6976486638)
24-08-25 15:22:37 | [ERROR] aiogram.dispatcher | Failed to fetch updates - TelegramConflictError: Telegram server says - Conflict: terminated by other getUpdates request; make sure that only one bot instance is running
24-08-25 15:22:37 | [WARNING] aiogram.dispatcher | Sleep for 4.452025 seconds and try again... (tryings = 5, bot id = 6976486638)
24-08-25 15:22:39 | [ERROR] aiogram.dispatcher | Failed to fetch updates - TelegramConflictError: Telegram server says - Conflict: terminated by other getUpdates request; make sure that only one bot instance is running
24-08-25 15:22:39 | [WARNING] aiogram.dispatcher | Sleep for 4.977927 seconds and try again... (tryings = 24, bot id = 6976486638)
24-08-25 15:22:41 | [INFO] aiogram.dispatcher | Start polling
24-08-25 15:22:41 | [INFO] aiogram.dispatcher | Run polling for bot @crocpatbot id=6976486638 - 'Homework save'
24-08-25 15:22:42 | [ERROR] aiogram.dispatcher | Failed to fetch updates - TelegramConflictError: Telegram server says - Conflict: terminated by other getUpdates request; make sure that only one bot instance is running
24-08-25 15:22:42 | [WARNING] aiogram.dispatcher | Sleep for 1.000000 seconds and try again... (tryings = 0, bot id = 6976486638)
24-08-25 15:22:43 | [ERROR] aiogram.dispatcher | Failed to fetch updates - TelegramConflictError: Telegram server says - Conflict: terminated by other getUpdates request; make sure that only one bot instance is running
24-08-25 15:22:43 | [WARNING] aiogram.dispatcher | Sleep for 5.118421 seconds and try again... (tryings = 26, bot id = 6976486638)
24-08-25 15:22:44 | [ERROR] aiogram.dispatcher | Failed to fetch updates - TelegramConflictError: Telegram server says - Conflict: terminated by other getUpdates request; make sure that only one bot instance is running
24-08-25 15:22:44 | [WARNING] aiogram.dispatcher | Sleep for 5.037022 seconds and try again... (tryings = 23, bot id = 6976486638)
24-08-25 15:22:46 | [ERROR] aiogram.dispatcher | Failed to fetch updates - TelegramConflictError: Telegram server says - Conflict: terminated by other getUpdates request; make sure that only one bot instance is running
24-08-25 15:22:46 | [WARNING] aiogram.dispatcher | Sleep for 4.888703 seconds and try again... (tryings = 6, bot id = 6976486638)
24-08-25 15:22:47 | [ERROR] aiogram.dispatcher | Failed to fetch updates - TelegramConflictError: Telegram server says - Conflict: terminated by other getUpdates request; make sure that only one bot instance is running
24-08-25 15:22:47 | [WARNING] aiogram.dispatcher | Sleep for 1.202477 seconds and try again... (tryings = 1, bot id = 6976486638)
24-08-25 15:22:48 | [ERROR] aiogram.dispatcher | Failed to fetch updates - TelegramConflictError: Telegram server says - Conflict: terminated by other getUpdates request; make sure that only one bot instance is running
24-08-25 15:22:48 | [WARNING] aiogram.dispatcher | Sleep for 4.995098 seconds and try again... (tryings = 25, bot id = 6976486638)
24-08-25 15:22:51 | [ERROR] aiogram.dispatcher | Failed to fetch updates - TelegramConflictError: Telegram server says - Conflict: terminated by other getUpdates request; make sure that only one bot instance is running
24-08-25 15:22:51 | [WARNING] aiogram.dispatcher | Sleep for 5.074389 seconds and try again... (tryings = 27, bot id = 6976486638)
24-08-25 15:22:53 | [ERROR] aiogram.dispatcher | Failed to fetch updates - TelegramConflictError: Telegram server says - Conflict: terminated by other getUpdates request; make sure that only one bot instance is running
24-08-25 15:22:53 | [WARNING] aiogram.dispatcher | Sleep for 1.493142 seconds and try again... (tryings = 2, bot id = 6976486638)
24-08-25 15:22:53 | [ERROR] aiogram.dispatcher | Failed to fetch updates - TelegramConflictError: Telegram server says - Conflict: terminated by other getUpdates request; make sure that only one bot instance is running
24-08-25 15:22:53 | [WARNING] aiogram.dispatcher | Sleep for 4.954480 seconds and try again... (tryings = 7, bot id = 6976486638)
24-08-25 15:22:54 | [ERROR] aiogram.dispatcher | Failed to fetch updates - TelegramConflictError: Telegram server says - Conflict: terminated by other getUpdates request; make sure that only one bot instance is running
24-08-25 15:22:54 | [WARNING] aiogram.dispatcher | Sleep for 4.934989 seconds and try again... (tryings = 24, bot id = 6976486638)
24-08-25 15:22:56 | [ERROR] aiogram.dispatcher | Failed to fetch updates - TelegramConflictError: Telegram server says - Conflict: terminated by other getUpdates request; make sure that only one bot instance is running
24-08-25 15:22:56 | [WARNING] aiogram.dispatcher | Sleep for 2.064108 seconds and try again... (tryings = 3, bot id = 6976486638)
24-08-25 15:22:57 | [ERROR] aiogram.dispatcher | Failed to fetch updates - TelegramConflictError: Telegram server says - Conflict: terminated by other getUpdates request; make sure that only one bot instance is running
24-08-25 15:22:57 | [WARNING] aiogram.dispatcher | Sleep for 5.007477 seconds and try again... (tryings = 26, bot id = 6976486638)
24-08-25 15:23:01 | [ERROR] aiogram.dispatcher | Failed to fetch updates - TelegramConflictError: Telegram server says - Conflict: terminated by other getUpdates request; make sure that only one bot instance is running
24-08-25 15:23:01 | [WARNING] aiogram.dispatcher | Sleep for 4.882484 seconds and try again... (tryings = 28, bot id = 6976486638)
24-08-25 15:23:01 | [ERROR] aiogram.dispatcher | Failed to fetch updates - TelegramConflictError: Telegram server says - Conflict: terminated by other getUpdates request; make sure that only one bot instance is running
24-08-25 15:23:01 | [WARNING] aiogram.dispatcher | Sleep for 5.030885 seconds and try again... (tryings = 8, bot id = 6976486638)
24-08-25 15:23:02 | [ERROR] aiogram.dispatcher | Failed to fetch updates - TelegramConflictError: Telegram server says - Conflict: terminated by other getUpdates request; make sure that only one bot instance is running
24-08-25 15:23:02 | [WARNING] aiogram.dispatcher | Sleep for 2.734801 seconds and try again... (tryings = 4, bot id = 6976486638)
24-08-25 15:23:02 | [ERROR] aiogram.dispatcher | Failed to fetch updates - TelegramConflictError: Telegram server says - Conflict: terminated by other getUpdates request; make sure that only one bot instance is running
24-08-25 15:23:02 | [WARNING] aiogram.dispatcher | Sleep for 5.028863 seconds and try again... (tryings = 25, bot id = 6976486638)
24-08-25 15:23:06 | [ERROR] aiogram.dispatcher | Failed to fetch updates - TelegramConflictError: Telegram server says - Conflict: terminated by other getUpdates request; make sure that only one bot instance is running
24-08-25 15:23:06 | [WARNING] aiogram.dispatcher | Sleep for 3.607676 seconds and try again... (tryings = 5, bot id = 6976486638)
24-08-25 15:23:08 | [ERROR] aiogram.dispatcher | Failed to fetch updates - TelegramConflictError: Telegram server says - Conflict: terminated by other getUpdates request; make sure that only one bot instance is running
24-08-25 15:23:08 | [WARNING] aiogram.dispatcher | Sleep for 4.973661 seconds and try again... (tryings = 27, bot id = 6976486638)
24-08-25 15:23:09 | [ERROR] aiogram.dispatcher | Failed to fetch updates - TelegramConflictError: Telegram server says - Conflict: terminated by other getUpdates request; make sure that only one bot instance is running
24-08-25 15:23:09 | [WARNING] aiogram.dispatcher | Sleep for 4.917392 seconds and try again... (tryings = 29, bot id = 6976486638)
24-08-25 15:23:10 | [ERROR] aiogram.dispatcher | Failed to fetch updates - TelegramConflictError: Telegram server says - Conflict: terminated by other getUpdates request; make sure that only one bot instance is running
24-08-25 15:23:10 | [WARNING] aiogram.dispatcher | Sleep for 4.817281 seconds and try again... (tryings = 26, bot id = 6976486638)
24-08-25 15:23:10 | [ERROR] aiogram.dispatcher | Failed to fetch updates - TelegramConflictError: Telegram server says - Conflict: terminated by other getUpdates request; make sure that only one bot instance is running
24-08-25 15:23:10 | [WARNING] aiogram.dispatcher | Sleep for 4.952619 seconds and try again... (tryings = 9, bot id = 6976486638)
24-08-25 15:23:13 | [ERROR] aiogram.dispatcher | Failed to fetch updates - TelegramConflictError: Telegram server says - Conflict: terminated by other getUpdates request; make sure that only one bot instance is running
24-08-25 15:23:13 | [WARNING] aiogram.dispatcher | Sleep for 4.820218 seconds and try again... (tryings = 6, bot id = 6976486638)
24-08-25 15:23:17 | [ERROR] aiogram.dispatcher | Failed to fetch updates - TelegramConflictError: Telegram server says - Conflict: terminated by other getUpdates request; make sure that only one bot instance is running
24-08-25 15:23:17 | [WARNING] aiogram.dispatcher | Sleep for 5.062966 seconds and try again... (tryings = 28, bot id = 6976486638)
24-08-25 15:23:18 | [ERROR] aiogram.dispatcher | Failed to fetch updates - TelegramConflictError: Telegram server says - Conflict: terminated by other getUpdates request; make sure that only one bot instance is running
24-08-25 15:23:18 | [WARNING] aiogram.dispatcher | Sleep for 5.094146 seconds and try again... (tryings = 30, bot id = 6976486638)
24-08-25 15:23:18 | [ERROR] aiogram.dispatcher | Failed to fetch updates - TelegramConflictError: Telegram server says - Conflict: terminated by other getUpdates request; make sure that only one bot instance is running
24-08-25 15:23:18 | [WARNING] aiogram.dispatcher | Sleep for 4.976452 seconds and try again... (tryings = 10, bot id = 6976486638)
24-08-25 15:23:18 | [ERROR] aiogram.dispatcher | Failed to fetch updates - TelegramConflictError: Telegram server says - Conflict: terminated by other getUpdates request; make sure that only one bot instance is running
24-08-25 15:23:18 | [WARNING] aiogram.dispatcher | Sleep for 5.067061 seconds and try again... (tryings = 27, bot id = 6976486638)
24-08-25 15:23:23 | [ERROR] aiogram.dispatcher | Failed to fetch updates - TelegramConflictError: Telegram server says - Conflict: terminated by other getUpdates request; make sure that only one bot instance is running
24-08-25 15:23:23 | [WARNING] aiogram.dispatcher | Sleep for 4.807410 seconds and try again... (tryings = 7, bot id = 6976486638)
24-08-25 15:23:26 | [ERROR] aiogram.dispatcher | Failed to fetch updates - TelegramConflictError: Telegram server says - Conflict: terminated by other getUpdates request; make sure that only one bot instance is running
24-08-25 15:23:26 | [WARNING] aiogram.dispatcher | Sleep for 5.007981 seconds and try again... (tryings = 29, bot id = 6976486638)
24-08-25 15:23:26 | [ERROR] aiogram.dispatcher | Failed to fetch updates - TelegramConflictError: Telegram server says - Conflict: terminated by other getUpdates request; make sure that only one bot instance is running
24-08-25 15:23:26 | [WARNING] aiogram.dispatcher | Sleep for 4.730655 seconds and try again... (tryings = 11, bot id = 6976486638)
24-08-25 15:23:27 | [ERROR] aiogram.dispatcher | Failed to fetch updates - TelegramConflictError: Telegram server says - Conflict: terminated by other getUpdates request; make sure that only one bot instance is running
24-08-25 15:23:27 | [WARNING] aiogram.dispatcher | Sleep for 4.956732 seconds and try again... (tryings = 31, bot id = 6976486638)
24-08-25 15:23:28 | [ERROR] aiogram.dispatcher | Failed to fetch updates - TelegramConflictError: Telegram server says - Conflict: terminated by other getUpdates request; make sure that only one bot instance is running
24-08-25 15:23:28 | [WARNING] aiogram.dispatcher | Sleep for 5.004296 seconds and try again... (tryings = 28, bot id = 6976486638)
24-08-25 15:23:31 | [ERROR] aiogram.dispatcher | Failed to fetch updates - TelegramConflictError: Telegram server says - Conflict: terminated by other getUpdates request; make sure that only one bot instance is running
24-08-25 15:23:31 | [WARNING] aiogram.dispatcher | Sleep for 4.994721 seconds and try again... (tryings = 8, bot id = 6976486638)
24-08-25 15:23:34 | [ERROR] aiogram.dispatcher | Failed to fetch updates - TelegramConflictError: Telegram server says - Conflict: terminated by other getUpdates request; make sure that only one bot instance is running
24-08-25 15:23:34 | [WARNING] aiogram.dispatcher | Sleep for 4.861337 seconds and try again... (tryings = 12, bot id = 6976486638)
24-08-25 15:23:35 | [ERROR] aiogram.dispatcher | Failed to fetch updates - TelegramConflictError: Telegram server says - Conflict: terminated by other getUpdates request; make sure that only one bot instance is running
24-08-25 15:23:35 | [WARNING] aiogram.dispatcher | Sleep for 5.026648 seconds and try again... (tryings = 30, bot id = 6976486638)
24-08-25 15:23:36 | [ERROR] aiogram.dispatcher | Failed to fetch updates - TelegramConflictError: Telegram server says - Conflict: terminated by other getUpdates request; make sure that only one bot instance is running
24-08-25 15:23:36 | [WARNING] aiogram.dispatcher | Sleep for 4.993640 seconds and try again... (tryings = 32, bot id = 6976486638)
24-08-25 15:23:36 | [ERROR] aiogram.dispatcher | Failed to fetch updates - TelegramConflictError: Telegram server says - Conflict: terminated by other getUpdates request; make sure that only one bot instance is running
24-08-25 15:23:36 | [WARNING] aiogram.dispatcher | Sleep for 4.907286 seconds and try again... (tryings = 29, bot id = 6976486638)
24-08-25 15:23:39 | [ERROR] aiogram.dispatcher | Failed to fetch updates - TelegramConflictError: Telegram server says - Conflict: terminated by other getUpdates request; make sure that only one bot instance is running
24-08-25 15:23:39 | [WARNING] aiogram.dispatcher | Sleep for 4.925100 seconds and try again... (tryings = 9, bot id = 6976486638)
24-08-25 15:23:43 | [ERROR] aiogram.dispatcher | Failed to fetch updates - TelegramConflictError: Telegram server says - Conflict: terminated by other getUpdates request; make sure that only one bot instance is running
24-08-25 15:23:43 | [WARNING] aiogram.dispatcher | Sleep for 5.090407 seconds and try again... (tryings = 13, bot id = 6976486638)
24-08-25 15:23:44 | [ERROR] aiogram.dispatcher | Failed to fetch updates - TelegramConflictError: Telegram server says - Conflict: terminated by other getUpdates request; make sure that only one bot instance is running
24-08-25 15:23:44 | [WARNING] aiogram.dispatcher | Sleep for 5.052954 seconds and try again... (tryings = 31, bot id = 6976486638)
24-08-25 15:23:44 | [ERROR] aiogram.dispatcher | Failed to fetch updates - TelegramConflictError: Telegram server says - Conflict: terminated by other getUpdates request; make sure that only one bot instance is running
24-08-25 15:23:44 | [WARNING] aiogram.dispatcher | Sleep for 4.978080 seconds and try again... (tryings = 30, bot id = 6976486638)
24-08-25 15:23:44 | [ERROR] aiogram.dispatcher | Failed to fetch updates - TelegramConflictError: Telegram server says - Conflict: terminated by other getUpdates request; make sure that only one bot instance is running
24-08-25 15:23:44 | [WARNING] aiogram.dispatcher | Sleep for 5.080562 seconds and try again... (tryings = 33, bot id = 6976486638)
24-08-25 15:23:48 | [ERROR] aiogram.dispatcher | Failed to fetch updates - TelegramConflictError: Telegram server says - Conflict: terminated by other getUpdates request; make sure that only one bot instance is running
24-08-25 15:23:48 | [WARNING] aiogram.dispatcher | Sleep for 4.934150 seconds and try again... (tryings = 10, bot id = 6976486638)
24-08-25 15:23:52 | [ERROR] aiogram.dispatcher | Failed to fetch updates - TelegramConflictError: Telegram server says - Conflict: terminated by other getUpdates request; make sure that only one bot instance is running
24-08-25 15:23:52 | [WARNING] aiogram.dispatcher | Sleep for 5.069536 seconds and try again... (tryings = 14, bot id = 6976486638)
24-08-25 15:23:52 | [ERROR] aiogram.dispatcher | Failed to fetch updates - TelegramConflictError: Telegram server says - Conflict: terminated by other getUpdates request; make sure that only one bot instance is running
24-08-25 15:23:52 | [WARNING] aiogram.dispatcher | Sleep for 5.025228 seconds and try again... (tryings = 31, bot id = 6976486638)
24-08-25 15:23:52 | [ERROR] aiogram.dispatcher | Failed to fetch updates - TelegramConflictError: Telegram server says - Conflict: terminated by other getUpdates request; make sure that only one bot instance is running
24-08-25 15:23:52 | [WARNING] aiogram.dispatcher | Sleep for 4.952648 seconds and try again... (tryings = 32, bot id = 6976486638)
24-08-25 15:23:53 | [ERROR] aiogram.dispatcher | Failed to fetch updates - TelegramConflictError: Telegram server says - Conflict: terminated by other getUpdates request; make sure that only one bot instance is running
24-08-25 15:23:53 | [WARNING] aiogram.dispatcher | Sleep for 4.998893 seconds and try again... (tryings = 34, bot id = 6976486638)
24-08-25 15:23:57 | [ERROR] aiogram.dispatcher | Failed to fetch updates - TelegramConflictError: Telegram server says - Conflict: terminated by other getUpdates request; make sure that only one bot instance is running
24-08-25 15:23:57 | [WARNING] aiogram.dispatcher | Sleep for 4.967289 seconds and try again... (tryings = 11, bot id = 6976486638)
24-08-25 15:24:00 | [ERROR] aiogram.dispatcher | Failed to fetch updates - TelegramConflictError: Telegram server says - Conflict: terminated by other getUpdates request; make sure that only one bot instance is running
24-08-25 15:24:00 | [WARNING] aiogram.dispatcher | Sleep for 4.993223 seconds and try again... (tryings = 32, bot id = 6976486638)
24-08-25 15:24:00 | [ERROR] aiogram.dispatcher | Failed to fetch updates - TelegramConflictError: Telegram server says - Conflict: terminated by other getUpdates request; make sure that only one bot instance is running
24-08-25 15:24:00 | [WARNING] aiogram.dispatcher | Sleep for 5.107160 seconds and try again... (tryings = 15, bot id = 6976486638)
24-08-25 15:24:01 | [ERROR] aiogram.dispatcher | Failed to fetch updates - TelegramConflictError: Telegram server says - Conflict: terminated by other getUpdates request; make sure that only one bot instance is running
24-08-25 15:24:01 | [WARNING] aiogram.dispatcher | Sleep for 5.000725 seconds and try again... (tryings = 33, bot id = 6976486638)
24-08-25 15:24:02 | [ERROR] aiogram.dispatcher | Failed to fetch updates - TelegramConflictError: Telegram server says - Conflict: terminated by other getUpdates request; make sure that only one bot instance is running
24-08-25 15:24:02 | [WARNING] aiogram.dispatcher | Sleep for 5.018294 seconds and try again... (tryings = 35, bot id = 6976486638)
24-08-25 15:24:05 | [ERROR] aiogram.dispatcher | Failed to fetch updates - TelegramConflictError: Telegram server says - Conflict: terminated by other getUpdates request; make sure that only one bot instance is running
24-08-25 15:24:05 | [WARNING] aiogram.dispatcher | Sleep for 4.870209 seconds and try again... (tryings = 12, bot id = 6976486638)
24-08-25 15:24:08 | [ERROR] aiogram.dispatcher | Failed to fetch updates - TelegramConflictError: Telegram server says - Conflict: terminated by other getUpdates request; make sure that only one bot instance is running
24-08-25 15:24:08 | [WARNING] aiogram.dispatcher | Sleep for 5.059458 seconds and try again... (tryings = 33, bot id = 6976486638)
24-08-25 15:24:09 | [ERROR] aiogram.dispatcher | Failed to fetch updates - TelegramConflictError: Telegram server says - Conflict: terminated by other getUpdates request; make sure that only one bot instance is running
24-08-25 15:24:09 | [WARNING] aiogram.dispatcher | Sleep for 4.945055 seconds and try again... (tryings = 16, bot id = 6976486638)
24-08-25 15:24:10 | [ERROR] aiogram.dispatcher | Failed to fetch updates - TelegramConflictError: Telegram server says - Conflict: terminated by other getUpdates request; make sure that only one bot instance is running
24-08-25 15:24:10 | [WARNING] aiogram.dispatcher | Sleep for 5.120062 seconds and try again... (tryings = 36, bot id = 6976486638)
24-08-25 15:24:10 | [ERROR] aiogram.dispatcher | Failed to fetch updates - TelegramConflictError: Telegram server says - Conflict: terminated by other getUpdates request; make sure that only one bot instance is running
24-08-25 15:24:10 | [WARNING] aiogram.dispatcher | Sleep for 4.948010 seconds and try again... (tryings = 34, bot id = 6976486638)
24-08-25 15:24:13 | [ERROR] aiogram.dispatcher | Failed to fetch updates - TelegramConflictError: Telegram server says - Conflict: terminated by other getUpdates request; make sure that only one bot instance is running
24-08-25 15:24:13 | [WARNING] aiogram.dispatcher | Sleep for 4.952801 seconds and try again... (tryings = 13, bot id = 6976486638)
24-08-25 15:24:17 | [ERROR] aiogram.dispatcher | Failed to fetch updates - TelegramConflictError: Telegram server says - Conflict: terminated by other getUpdates request; make sure that only one bot instance is running
24-08-25 15:24:17 | [WARNING] aiogram.dispatcher | Sleep for 4.930394 seconds and try again... (tryings = 34, bot id = 6976486638)
24-08-25 15:24:18 | [ERROR] aiogram.dispatcher | Failed to fetch updates - TelegramConflictError: Telegram server says - Conflict: terminated by other getUpdates request; make sure that only one bot instance is running
24-08-25 15:24:18 | [WARNING] aiogram.dispatcher | Sleep for 4.952066 seconds and try again... (tryings = 17, bot id = 6976486638)
24-08-25 15:24:18 | [ERROR] aiogram.dispatcher | Failed to fetch updates - TelegramConflictError: Telegram server says - Conflict: terminated by other getUpdates request; make sure that only one bot instance is running
24-08-25 15:24:18 | [WARNING] aiogram.dispatcher | Sleep for 4.710807 seconds and try again... (tryings = 35, bot id = 6976486638)
24-08-25 15:24:18 | [ERROR] aiogram.dispatcher | Failed to fetch updates - TelegramConflictError: Telegram server says - Conflict: terminated by other getUpdates request; make sure that only one bot instance is running
24-08-25 15:24:18 | [WARNING] aiogram.dispatcher | Sleep for 4.870094 seconds and try again... (tryings = 37, bot id = 6976486638)
24-08-25 15:24:22 | [ERROR] aiogram.dispatcher | Failed to fetch updates - TelegramConflictError: Telegram server says - Conflict: terminated by other getUpdates request; make sure that only one bot instance is running
24-08-25 15:24:22 | [WARNING] aiogram.dispatcher | Sleep for 4.998112 seconds and try again... (tryings = 14, bot id = 6976486638)
24-08-25 15:24:26 | [ERROR] aiogram.dispatcher | Failed to fetch updates - TelegramConflictError: Telegram server says - Conflict: terminated by other getUpdates request; make sure that only one bot instance is running
24-08-25 15:24:26 | [WARNING] aiogram.dispatcher | Sleep for 4.900437 seconds and try again... (tryings = 35, bot id = 6976486638)
24-08-25 15:24:26 | [ERROR] aiogram.dispatcher | Failed to fetch updates - TelegramConflictError: Telegram server says - Conflict: terminated by other getUpdates request; make sure that only one bot instance is running
24-08-25 15:24:26 | [WARNING] aiogram.dispatcher | Sleep for 4.928464 seconds and try again... (tryings = 36, bot id = 6976486638)
24-08-25 15:24:26 | [ERROR] aiogram.dispatcher | Failed to fetch updates - TelegramConflictError: Telegram server says - Conflict: terminated by other getUpdates request; make sure that only one bot instance is running
24-08-25 15:24:26 | [WARNING] aiogram.dispatcher | Sleep for 5.028125 seconds and try again... (tryings = 18, bot id = 6976486638)
24-08-25 15:24:27 | [ERROR] aiogram.dispatcher | Failed to fetch updates - TelegramConflictError: Telegram server says - Conflict: terminated by other getUpdates request; make sure that only one bot instance is running
24-08-25 15:24:27 | [WARNING] aiogram.dispatcher | Sleep for 5.116875 seconds and try again... (tryings = 38, bot id = 6976486638)
24-08-25 15:24:31 | [ERROR] aiogram.dispatcher | Failed to fetch updates - TelegramConflictError: Telegram server says - Conflict: terminated by other getUpdates request; make sure that only one bot instance is running
24-08-25 15:24:31 | [WARNING] aiogram.dispatcher | Sleep for 5.032238 seconds and try again... (tryings = 15, bot id = 6976486638)
24-08-25 15:24:34 | [ERROR] aiogram.dispatcher | Failed to fetch updates - TelegramConflictError: Telegram server says - Conflict: terminated by other getUpdates request; make sure that only one bot instance is running
24-08-25 15:24:34 | [WARNING] aiogram.dispatcher | Sleep for 4.828459 seconds and try again... (tryings = 36, bot id = 6976486638)
24-08-25 15:24:34 | [ERROR] aiogram.dispatcher | Failed to fetch updates - TelegramConflictError: Telegram server says - Conflict: terminated by other getUpdates request; make sure that only one bot instance is running
24-08-25 15:24:34 | [WARNING] aiogram.dispatcher | Sleep for 4.914185 seconds and try again... (tryings = 37, bot id = 6976486638)
24-08-25 15:24:36 | [ERROR] aiogram.dispatcher | Failed to fetch updates - TelegramConflictError: Telegram server says - Conflict: terminated by other getUpdates request; make sure that only one bot instance is running
24-08-25 15:24:36 | [WARNING] aiogram.dispatcher | Sleep for 5.079311 seconds and try again... (tryings = 19, bot id = 6976486638)
24-08-25 15:24:36 | [ERROR] aiogram.dispatcher | Failed to fetch updates - TelegramConflictError: Telegram server says - Conflict: terminated by other getUpdates request; make sure that only one bot instance is running
24-08-25 15:24:36 | [WARNING] aiogram.dispatcher | Sleep for 5.102439 seconds and try again... (tryings = 39, bot id = 6976486638)
24-08-25 15:24:39 | [ERROR] aiogram.dispatcher | Failed to fetch updates - TelegramConflictError: Telegram server says - Conflict: terminated by other getUpdates request; make sure that only one bot instance is running
24-08-25 15:24:39 | [WARNING] aiogram.dispatcher | Sleep for 4.970288 seconds and try again... (tryings = 37, bot id = 6976486638)
24-08-25 15:24:42 | [ERROR] aiogram.dispatcher | Failed to fetch updates - TelegramConflictError: Telegram server says - Conflict: terminated by other getUpdates request; make sure that only one bot instance is running
24-08-25 15:24:42 | [WARNING] aiogram.dispatcher | Sleep for 5.038809 seconds and try again... (tryings = 16, bot id = 6976486638)
24-08-25 15:24:43 | [INFO] aiogram.dispatcher | Start polling
24-08-25 15:24:43 | [INFO] aiogram.dispatcher | Run polling for bot @crocpatbot id=6976486638 - 'Homework save'
24-08-25 15:24:43 | [ERROR] aiogram.dispatcher | Failed to fetch updates - TelegramConflictError: Telegram server says - Conflict: terminated by other getUpdates request; make sure that only one bot instance is running
24-08-25 15:24:43 | [WARNING] aiogram.dispatcher | Sleep for 4.942555 seconds and try again... (tryings = 40, bot id = 6976486638)
24-08-25 15:24:44 | [ERROR] aiogram.dispatcher | Failed to fetch updates - TelegramConflictError: Telegram server says - Conflict: terminated by other getUpdates request; make sure that only one bot instance is running
24-08-25 15:24:44 | [WARNING] aiogram.dispatcher | Sleep for 4.930595 seconds and try again... (tryings = 38, bot id = 6976486638)
24-08-25 15:24:44 | [ERROR] aiogram.dispatcher | Failed to fetch updates - TelegramConflictError: Telegram server says - Conflict: terminated by other getUpdates request; make sure that only one bot instance is running
24-08-25 15:24:44 | [WARNING] aiogram.dispatcher | Sleep for 4.916527 seconds and try again... (tryings = 20, bot id = 6976486638)
24-08-25 15:24:47 | [ERROR] aiogram.dispatcher | Failed to fetch updates - TelegramConflictError: Telegram server says - Conflict: terminated by other getUpdates request; make sure that only one bot instance is running
24-08-25 15:24:47 | [WARNING] aiogram.dispatcher | Sleep for 4.962619 seconds and try again... (tryings = 38, bot id = 6976486638)
24-08-25 15:24:48 | [ERROR] aiogram.dispatcher | Failed to fetch updates - TelegramConflictError: Telegram server says - Conflict: terminated by other getUpdates request; make sure that only one bot instance is running
24-08-25 15:24:48 | [WARNING] aiogram.dispatcher | Sleep for 1.000000 seconds and try again... (tryings = 0, bot id = 6976486638)
24-08-25 15:24:51 | [ERROR] aiogram.dispatcher | Failed to fetch updates - TelegramConflictError: Telegram server says - Conflict: terminated by other getUpdates request; make sure that only one bot instance is running
24-08-25 15:24:51 | [WARNING] aiogram.dispatcher | Sleep for 5.061235 seconds and try again... (tryings = 17, bot id = 6976486638)
24-08-25 15:24:52 | [ERROR] aiogram.dispatcher | Failed to fetch updates - TelegramConflictError: Telegram server says - Conflict: terminated by other getUpdates request; make sure that only one bot instance is running
24-08-25 15:24:52 | [WARNING] aiogram.dispatcher | Sleep for 5.106654 seconds and try again... (tryings = 41, bot id = 6976486638)
24-08-25 15:24:52 | [ERROR] aiogram.dispatcher | Failed to fetch updates - TelegramConflictError: Telegram server says - Conflict: terminated by other getUpdates request; make sure that only one bot instance is running
24-08-25 15:24:52 | [WARNING] aiogram.dispatcher | Sleep for 1.260032 seconds and try again... (tryings = 1, bot id = 6976486638)
24-08-25 15:24:52 | [ERROR] aiogram.dispatcher | Failed to fetch updates - TelegramConflictError: Telegram server says - Conflict: terminated by other getUpdates request; make sure that only one bot instance is running
24-08-25 15:24:52 | [WARNING] aiogram.dispatcher | Sleep for 4.892740 seconds and try again... (tryings = 21, bot id = 6976486638)
24-08-25 15:24:52 | [ERROR] aiogram.dispatcher | Failed to fetch updates - TelegramConflictError: Telegram server says - Conflict: terminated by other getUpdates request; make sure that only one bot instance is running
24-08-25 15:24:52 | [WARNING] aiogram.dispatcher | Sleep for 5.079427 seconds and try again... (tryings = 39, bot id = 6976486638)
24-08-25 15:24:56 | [ERROR] aiogram.dispatcher | Failed to fetch updates - TelegramConflictError: Telegram server says - Conflict: terminated by other getUpdates request; make sure that only one bot instance is running
24-08-25 15:24:56 | [WARNING] aiogram.dispatcher | Sleep for 5.081859 seconds and try again... (tryings = 39, bot id = 6976486638)
24-08-25 15:24:56 | [ERROR] aiogram.dispatcher | Failed to fetch updates - TelegramConflictError: Telegram server says - Conflict: terminated by other getUpdates request; make sure that only one bot instance is running
24-08-25 15:24:56 | [WARNING] aiogram.dispatcher | Sleep for 1.606742 seconds and try again... (tryings = 2, bot id = 6976486638)
24-08-25 15:25:00 | [ERROR] aiogram.dispatcher | Failed to fetch updates - TelegramConflictError: Telegram server says - Conflict: terminated by other getUpdates request; make sure that only one bot instance is running
24-08-25 15:25:00 | [WARNING] aiogram.dispatcher | Sleep for 4.850309 seconds and try again... (tryings = 18, bot id = 6976486638)
24-08-25 15:25:00 | [ERROR] aiogram.dispatcher | Failed to fetch updates - TelegramConflictError: Telegram server says - Conflict: terminated by other getUpdates request; make sure that only one bot instance is running
24-08-25 15:25:00 | [WARNING] aiogram.dispatcher | Sleep for 5.055487 seconds and try again... (tryings = 42, bot id = 6976486638)
24-08-25 15:25:00 | [ERROR] aiogram.dispatcher | Failed to fetch updates - TelegramConflictError: Telegram server says - Conflict: terminated by other getUpdates request; make sure that only one bot instance is running
24-08-25 15:25:00 | [WARNING] aiogram.dispatcher | Sleep for 5.001071 seconds and try again... (tryings = 22, bot id = 6976486638)
24-08-25 15:25:01 | [ERROR] aiogram.dispatcher | Failed to fetch updates - TelegramConflictError: Telegram server says - Conflict: terminated by other getUpdates request; make sure that only one bot instance is running
24-08-25 15:25:01 | [WARNING] aiogram.dispatcher | Sleep for 5.211595 seconds and try again... (tryings = 40, bot id = 6976486638)
24-08-25 15:25:01 | [ERROR] aiogram.dispatcher | Failed to fetch updates - TelegramConflictError: Telegram server says - Conflict: terminated by other getUpdates request; make sure that only one bot instance is running
24-08-25 15:25:01 | [WARNING] aiogram.dispatcher | Sleep for 2.172745 seconds and try again... (tryings = 3, bot id = 6976486638)
24-08-25 15:25:05 | [ERROR] aiogram.dispatcher | Failed to fetch updates - TelegramConflictError: Telegram server says - Conflict: terminated by other getUpdates request; make sure that only one bot instance is running
24-08-25 15:25:05 | [WARNING] aiogram.dispatcher | Sleep for 2.692487 seconds and try again... (tryings = 4, bot id = 6976486638)
24-08-25 15:25:07 | [ERROR] aiogram.dispatcher | Failed to fetch updates - TelegramConflictError: Telegram server says - Conflict: terminated by other getUpdates request; make sure that only one bot instance is running
24-08-25 15:25:07 | [WARNING] aiogram.dispatcher | Sleep for 5.138427 seconds and try again... (tryings = 40, bot id = 6976486638)
24-08-25 15:25:08 | [ERROR] aiogram.dispatcher | Failed to fetch updates - TelegramConflictError: Telegram server says - Conflict: terminated by other getUpdates request; make sure that only one bot instance is running
24-08-25 15:25:08 | [WARNING] aiogram.dispatcher | Sleep for 5.045938 seconds and try again... (tryings = 19, bot id = 6976486638)
24-08-25 15:25:09 | [ERROR] aiogram.dispatcher | Failed to fetch updates - TelegramConflictError: Telegram server says - Conflict: terminated by other getUpdates request; make sure that only one bot instance is running
24-08-25 15:25:09 | [WARNING] aiogram.dispatcher | Sleep for 4.977030 seconds and try again... (tryings = 43, bot id = 6976486638)
24-08-25 15:25:09 | [ERROR] aiogram.dispatcher | Failed to fetch updates - TelegramConflictError: Telegram server says - Conflict: terminated by other getUpdates request; make sure that only one bot instance is running
24-08-25 15:25:09 | [WARNING] aiogram.dispatcher | Sleep for 5.171747 seconds and try again... (tryings = 23, bot id = 6976486638)
24-08-25 15:25:11 | [ERROR] aiogram.dispatcher | Failed to fetch updates - TelegramConflictError: Telegram server says - Conflict: terminated by other getUpdates request; make sure that only one bot instance is running
24-08-25 15:25:11 | [WARNING] aiogram.dispatcher | Sleep for 5.276724 seconds and try again... (tryings = 41, bot id = 6976486638)
24-08-25 15:25:12 | [ERROR] aiogram.dispatcher | Failed to fetch updates - TelegramConflictError: Telegram server says - Conflict: terminated by other getUpdates request; make sure that only one bot instance is running
24-08-25 15:25:12 | [WARNING] aiogram.dispatcher | Sleep for 3.505893 seconds and try again... (tryings = 5, bot id = 6976486638)
24-08-25 15:25:15 | [ERROR] aiogram.dispatcher | Failed to fetch updates - TelegramConflictError: Telegram server says - Conflict: terminated by other getUpdates request; make sure that only one bot instance is running
24-08-25 15:25:15 | [WARNING] aiogram.dispatcher | Sleep for 4.908593 seconds and try again... (tryings = 24, bot id = 6976486638)
24-08-25 15:25:17 | [ERROR] aiogram.dispatcher | Failed to fetch updates - TelegramConflictError: Telegram server says - Conflict: terminated by other getUpdates request; make sure that only one bot instance is running
24-08-25 15:25:17 | [WARNING] aiogram.dispatcher | Sleep for 4.928257 seconds and try again... (tryings = 41, bot id = 6976486638)
24-08-25 15:25:17 | [ERROR] aiogram.dispatcher | Failed to fetch updates - TelegramConflictError: Telegram server says - Conflict: terminated by other getUpdates request; make sure that only one bot instance is running
24-08-25 15:25:17 | [WARNING] aiogram.dispatcher | Sleep for 4.947675 seconds and try again... (tryings = 20, bot id = 6976486638)
24-08-25 15:25:18 | [ERROR] aiogram.dispatcher | Failed to fetch updates - TelegramConflictError: Telegram server says - Conflict: terminated by other getUpdates request; make sure that only one bot instance is running
24-08-25 15:25:18 | [WARNING] aiogram.dispatcher | Sleep for 4.951791 seconds and try again... (tryings = 44, bot id = 6976486638)
24-08-25 15:25:19 | [ERROR] aiogram.dispatcher | Failed to fetch updates - TelegramConflictError: Telegram server says - Conflict: terminated by other getUpdates request; make sure that only one bot instance is running
24-08-25 15:25:19 | [WARNING] aiogram.dispatcher | Sleep for 4.426175 seconds and try again... (tryings = 6, bot id = 6976486638)
24-08-25 15:25:20 | [ERROR] aiogram.dispatcher | Failed to fetch updates - TelegramConflictError: Telegram server says - Conflict: terminated by other getUpdates request; make sure that only one bot instance is running
24-08-25 15:25:20 | [WARNING] aiogram.dispatcher | Sleep for 4.964495 seconds and try again... (tryings = 42, bot id = 6976486638)
24-08-25 15:25:23 | [ERROR] aiogram.dispatcher | Failed to fetch updates - TelegramConflictError: Telegram server says - Conflict: terminated by other getUpdates request; make sure that only one bot instance is running
24-08-25 15:25:23 | [WARNING] aiogram.dispatcher | Sleep for 5.192359 seconds and try again... (tryings = 45, bot id = 6976486638)
24-08-25 15:25:25 | [ERROR] aiogram.dispatcher | Failed to fetch updates - TelegramConflictError: Telegram server says - Conflict: terminated by other getUpdates request; make sure that only one bot instance is running
24-08-25 15:25:25 | [WARNING] aiogram.dispatcher | Sleep for 4.923104 seconds and try again... (tryings = 25, bot id = 6976486638)
24-08-25 15:25:25 | [ERROR] aiogram.dispatcher | Failed to fetch updates - TelegramConflictError: Telegram server says - Conflict: terminated by other getUpdates request; make sure that only one bot instance is running
24-08-25 15:25:25 | [WARNING] aiogram.dispatcher | Sleep for 4.972645 seconds and try again... (tryings = 42, bot id = 6976486638)
24-08-25 15:25:26 | [ERROR] aiogram.dispatcher | Failed to fetch updates - TelegramConflictError: Telegram server says - Conflict: terminated by other getUpdates request; make sure that only one bot instance is running
24-08-25 15:25:26 | [WARNING] aiogram.dispatcher | Sleep for 4.876467 seconds and try again... (tryings = 21, bot id = 6976486638)
24-08-25 15:25:28 | [ERROR] aiogram.dispatcher | Failed to fetch updates - TelegramConflictError: Telegram server says - Conflict: terminated by other getUpdates request; make sure that only one bot instance is running
24-08-25 15:25:28 | [WARNING] aiogram.dispatcher | Sleep for 5.076684 seconds and try again... (tryings = 7, bot id = 6976486638)
24-08-25 15:25:29 | [ERROR] aiogram.dispatcher | Failed to fetch updates - TelegramConflictError: Telegram server says - Conflict: terminated by other getUpdates request; make sure that only one bot instance is running
24-08-25 15:25:29 | [WARNING] aiogram.dispatcher | Sleep for 4.904682 seconds and try again... (tryings = 43, bot id = 6976486638)
24-08-25 15:25:33 | [ERROR] aiogram.dispatcher | Failed to fetch updates - TelegramConflictError: Telegram server says - Conflict: terminated by other getUpdates request; make sure that only one bot instance is running
24-08-25 15:25:33 | [WARNING] aiogram.dispatcher | Sleep for 4.894533 seconds and try again... (tryings = 46, bot id = 6976486638)
24-08-25 15:25:33 | [ERROR] aiogram.dispatcher | Failed to fetch updates - TelegramConflictError: Telegram server says - Conflict: terminated by other getUpdates request; make sure that only one bot instance is running
24-08-25 15:25:33 | [WARNING] aiogram.dispatcher | Sleep for 5.138485 seconds and try again... (tryings = 26, bot id = 6976486638)
24-08-25 15:25:34 | [ERROR] aiogram.dispatcher | Failed to fetch updates - TelegramConflictError: Telegram server says - Conflict: terminated by other getUpdates request; make sure that only one bot instance is running
24-08-25 15:25:34 | [WARNING] aiogram.dispatcher | Sleep for 4.997471 seconds and try again... (tryings = 22, bot id = 6976486638)
24-08-25 15:25:34 | [ERROR] aiogram.dispatcher | Failed to fetch updates - TelegramConflictError: Telegram server says - Conflict: terminated by other getUpdates request; make sure that only one bot instance is running
24-08-25 15:25:34 | [WARNING] aiogram.dispatcher | Sleep for 5.023573 seconds and try again... (tryings = 43, bot id = 6976486638)
24-08-25 15:25:37 | [ERROR] aiogram.dispatcher | Failed to fetch updates - TelegramConflictError: Telegram server says - Conflict: terminated by other getUpdates request; make sure that only one bot instance is running
24-08-25 15:25:37 | [WARNING] aiogram.dispatcher | Sleep for 4.875800 seconds and try again... (tryings = 8, bot id = 6976486638)
24-08-25 15:25:38 | [ERROR] aiogram.dispatcher | Failed to fetch updates - TelegramConflictError: Telegram server says - Conflict: terminated by other getUpdates request; make sure that only one bot instance is running
24-08-25 15:25:38 | [WARNING] aiogram.dispatcher | Sleep for 4.927932 seconds and try again... (tryings = 44, bot id = 6976486638)
24-08-25 15:25:41 | [ERROR] aiogram.dispatcher | Failed to fetch updates - TelegramConflictError: Telegram server says - Conflict: terminated by other getUpdates request; make sure that only one bot instance is running
24-08-25 15:25:41 | [WARNING] aiogram.dispatcher | Sleep for 4.978958 seconds and try again... (tryings = 47, bot id = 6976486638)
24-08-25 15:25:42 | [ERROR] aiogram.dispatcher | Failed to fetch updates - TelegramConflictError: Telegram server says - Conflict: terminated by other getUpdates request; make sure that only one bot instance is running
24-08-25 15:25:42 | [WARNING] aiogram.dispatcher | Sleep for 4.982303 seconds and try again... (tryings = 27, bot id = 6976486638)
24-08-25 15:25:42 | [ERROR] aiogram.dispatcher | Failed to fetch updates - TelegramConflictError: Telegram server says - Conflict: terminated by other getUpdates request; make sure that only one bot instance is running
24-08-25 15:25:42 | [WARNING] aiogram.dispatcher | Sleep for 4.924857 seconds and try again... (tryings = 44, bot id = 6976486638)
24-08-25 15:25:42 | [ERROR] aiogram.dispatcher | Failed to fetch updates - TelegramConflictError: Telegram server says - Conflict: terminated by other getUpdates request; make sure that only one bot instance is running
24-08-25 15:25:42 | [WARNING] aiogram.dispatcher | Sleep for 5.011589 seconds and try again... (tryings = 23, bot id = 6976486638)
24-08-25 15:25:46 | [ERROR] aiogram.dispatcher | Failed to fetch updates - TelegramConflictError: Telegram server says - Conflict: terminated by other getUpdates request; make sure that only one bot instance is running
24-08-25 15:25:46 | [WARNING] aiogram.dispatcher | Sleep for 4.917338 seconds and try again... (tryings = 9, bot id = 6976486638)
24-08-25 15:25:46 | [ERROR] aiogram.dispatcher | Failed to fetch updates - TelegramConflictError: Telegram server says - Conflict: terminated by other getUpdates request; make sure that only one bot instance is running
24-08-25 15:25:46 | [WARNING] aiogram.dispatcher | Sleep for 5.025480 seconds and try again... (tryings = 45, bot id = 6976486638)
24-08-25 15:25:50 | [ERROR] aiogram.dispatcher | Failed to fetch updates - TelegramConflictError: Telegram server says - Conflict: terminated by other getUpdates request; make sure that only one bot instance is running
24-08-25 15:25:50 | [WARNING] aiogram.dispatcher | Sleep for 4.902441 seconds and try again... (tryings = 48, bot id = 6976486638)
24-08-25 15:25:50 | [ERROR] aiogram.dispatcher | Failed to fetch updates - TelegramConflictError: Telegram server says - Conflict: terminated by other getUpdates request; make sure that only one bot instance is running
24-08-25 15:25:50 | [WARNING] aiogram.dispatcher | Sleep for 4.981217 seconds and try again... (tryings = 28, bot id = 6976486638)
24-08-25 15:25:50 | [ERROR] aiogram.dispatcher | Failed to fetch updates - TelegramConflictError: Telegram server says - Conflict: terminated by other getUpdates request; make sure that only one bot instance is running
24-08-25 15:25:50 | [WARNING] aiogram.dispatcher | Sleep for 4.862516 seconds and try again... (tryings = 45, bot id = 6976486638)
24-08-25 15:25:51 | [ERROR] aiogram.dispatcher | Failed to fetch updates - TelegramConflictError: Telegram server says - Conflict: terminated by other getUpdates request; make sure that only one bot instance is running
24-08-25 15:25:51 | [WARNING] aiogram.dispatcher | Sleep for 5.151149 seconds and try again... (tryings = 24, bot id = 6976486638)
24-08-25 15:25:54 | [ERROR] aiogram.dispatcher | Failed to fetch updates - TelegramConflictError: Telegram server says - Conflict: terminated by other getUpdates request; make sure that only one bot instance is running
24-08-25 15:25:54 | [WARNING] aiogram.dispatcher | Sleep for 5.004896 seconds and try again... (tryings = 10, bot id = 6976486638)
24-08-25 15:25:55 | [ERROR] aiogram.dispatcher | Failed to fetch updates - TelegramConflictError: Telegram server says - Conflict: terminated by other getUpdates request; make sure that only one bot instance is running
24-08-25 15:25:55 | [WARNING] aiogram.dispatcher | Sleep for 4.875910 seconds and try again... (tryings = 46, bot id = 6976486638)
24-08-25 15:25:58 | [ERROR] aiogram.dispatcher | Failed to fetch updates - TelegramConflictError: Telegram server says - Conflict: terminated by other getUpdates request; make sure that only one bot instance is running
24-08-25 15:25:58 | [WARNING] aiogram.dispatcher | Sleep for 5.031505 seconds and try again... (tryings = 49, bot id = 6976486638)
24-08-25 15:25:58 | [ERROR] aiogram.dispatcher | Failed to fetch updates - TelegramConflictError: Telegram server says - Conflict: terminated by other getUpdates request; make sure that only one bot instance is running
24-08-25 15:25:58 | [WARNING] aiogram.dispatcher | Sleep for 5.033179 seconds and try again... (tryings = 29, bot id = 6976486638)
24-08-25 15:25:59 | [ERROR] aiogram.dispatcher | Failed to fetch updates - TelegramConflictError: Telegram server says - Conflict: terminated by other getUpdates request; make sure that only one bot instance is running
24-08-25 15:25:59 | [WARNING] aiogram.dispatcher | Sleep for 5.086163 seconds and try again... (tryings = 46, bot id = 6976486638)
24-08-25 15:25:59 | [ERROR] aiogram.dispatcher | Failed to fetch updates - TelegramConflictError: Telegram server says - Conflict: terminated by other getUpdates request; make sure that only one bot instance is running
24-08-25 15:25:59 | [WARNING] aiogram.dispatcher | Sleep for 5.149866 seconds and try again... (tryings = 25, bot id = 6976486638)
24-08-25 15:26:03 | [ERROR] aiogram.dispatcher | Failed to fetch updates - TelegramConflictError: Telegram server says - Conflict: terminated by other getUpdates request; make sure that only one bot instance is running
24-08-25 15:26:03 | [WARNING] aiogram.dispatcher | Sleep for 4.936393 seconds and try again... (tryings = 11, bot id = 6976486638)
24-08-25 15:26:03 | [ERROR] aiogram.dispatcher | Failed to fetch updates - TelegramConflictError: Telegram server says - Conflict: terminated by other getUpdates request; make sure that only one bot instance is running
24-08-25 15:26:03 | [WARNING] aiogram.dispatcher | Sleep for 5.005173 seconds and try again... (tryings = 47, bot id = 6976486638)
24-08-25 15:26:06 | [ERROR] aiogram.dispatcher | Failed to fetch updates - TelegramConflictError: Telegram server says - Conflict: terminated by other getUpdates request; make sure that only one bot instance is running
24-08-25 15:26:06 | [WARNING] aiogram.dispatcher | Sleep for 4.870855 seconds and try again... (tryings = 50, bot id = 6976486638)
24-08-25 15:26:07 | [ERROR] aiogram.dispatcher | Failed to fetch updates - TelegramConflictError: Telegram server says - Conflict: terminated by other getUpdates request; make sure that only one bot instance is running
24-08-25 15:26:07 | [WARNING] aiogram.dispatcher | Sleep for 4.863015 seconds and try again... (tryings = 30, bot id = 6976486638)
24-08-25 15:26:08 | [ERROR] aiogram.dispatcher | Failed to fetch updates - TelegramConflictError: Telegram server says - Conflict: terminated by other getUpdates request; make sure that only one bot instance is running
24-08-25 15:26:08 | [WARNING] aiogram.dispatcher | Sleep for 4.989362 seconds and try again... (tryings = 47, bot id = 6976486638)
24-08-25 15:26:08 | [ERROR] aiogram.dispatcher | Failed to fetch updates - TelegramConflictError: Telegram server says - Conflict: terminated by other getUpdates request; make sure that only one bot instance is running
24-08-25 15:26:08 | [WARNING] aiogram.dispatcher | Sleep for 4.982072 seconds and try again... (tryings = 26, bot id = 6976486638)
24-08-25 15:26:11 | [ERROR] aiogram.dispatcher | Failed to fetch updates - TelegramConflictError: Telegram server says - Conflict: terminated by other getUpdates request; make sure that only one bot instance is running
24-08-25 15:26:11 | [WARNING] aiogram.dispatcher | Sleep for 5.003625 seconds and try again... (tryings = 48, bot id = 6976486638)
24-08-25 15:26:11 | [ERROR] aiogram.dispatcher | Failed to fetch updates - TelegramConflictError: Telegram server says - Conflict: terminated by other getUpdates request; make sure that only one bot instance is running
24-08-25 15:26:11 | [WARNING] aiogram.dispatcher | Sleep for 5.080312 seconds and try again... (tryings = 12, bot id = 6976486638)
24-08-25 15:26:15 | [ERROR] aiogram.dispatcher | Failed to fetch updates - TelegramConflictError: Telegram server says - Conflict: terminated by other getUpdates request; make sure that only one bot instance is running
24-08-25 15:26:15 | [WARNING] aiogram.dispatcher | Sleep for 5.009074 seconds and try again... (tryings = 51, bot id = 6976486638)
24-08-25 15:26:16 | [ERROR] aiogram.dispatcher | Failed to fetch updates - TelegramConflictError: Telegram server says - Conflict: terminated by other getUpdates request; make sure that only one bot instance is running
24-08-25 15:26:16 | [WARNING] aiogram.dispatcher | Sleep for 5.191127 seconds and try again... (tryings = 31, bot id = 6976486638)
24-08-25 15:26:16 | [ERROR] aiogram.dispatcher | Failed to fetch updates - TelegramConflictError: Telegram server says - Conflict: terminated by other getUpdates request; make sure that only one bot instance is running
24-08-25 15:26:16 | [WARNING] aiogram.dispatcher | Sleep for 4.958234 seconds and try again... (tryings = 48, bot id = 6976486638)
24-08-25 15:26:16 | [ERROR] aiogram.dispatcher | Failed to fetch updates - TelegramConflictError: Telegram server says - Conflict: terminated by other getUpdates request; make sure that only one bot instance is running
24-08-25 15:26:16 | [WARNING] aiogram.dispatcher | Sleep for 5.068027 seconds and try again... (tryings = 27, bot id = 6976486638)
24-08-25 15:28:45 | [INFO] aiogram.dispatcher | Start polling
24-08-25 15:28:46 | [INFO] aiogram.dispatcher | Run polling for bot @crocpatbot id=6976486638 - 'Homework save'
24-08-25 15:30:40 | [INFO] aiogram.dispatcher | Start polling
24-08-25 15:30:41 | [INFO] aiogram.dispatcher | Run polling for bot @crocpatbot id=6976486638 - 'Homework save'
24-08-25 15:35:09 | [INFO] aiogram.dispatcher | Start polling
24-08-25 15:35:09 | [INFO] aiogram.dispatcher | Run polling for bot @crocpatbot id=6976486638 - 'Homework save'
24-08-25 15:37:02 | [INFO] aiogram.event | Update id=732060975 is handled. Duration 609 ms by bot id=6976486638
24-08-25 15:37:03 | [INFO] aiogram.event | Update id=732060976 is handled. Duration 216 ms by bot id=6976486638
24-08-25 15:37:06 | [INFO] aiogram.event | Update id=732060977 is handled. Duration 2545 ms by bot id=6976486638
24-08-25 16:57:56 | [INFO] aiogram.dispatcher | Start polling
24-08-25 16:57:56 | [INFO] aiogram.dispatcher | Run polling for bot @crocpatbot id=6976486638 - 'Homework save'
24-08-25 17:01:05 | [INFO] aiogram.dispatcher | Start polling
24-08-25 17:01:05 | [INFO] aiogram.dispatcher | Run polling for bot @crocpatbot id=6976486638 - 'Homework save'
24-08-25 17:01:25 | [INFO] aiogram.dispatcher | Start polling
24-08-25 17:01:25 | [INFO] aiogram.dispatcher | Run polling for bot @crocpatbot id=6976486638 - 'Homework save'
24-08-25 17:01:45 | [INFO] aiogram.dispatcher | Start polling
24-08-25 17:01:46 | [INFO] aiogram.dispatcher | Run polling for bot @crocpatbot id=6976486638 - 'Homework save'
24-08-25 17:03:17 | [INFO] aiogram.dispatcher | Start polling
24-08-25 17:03:17 | [INFO] aiogram.dispatcher | Run polling for bot @crocpatbot id=6976486638 - 'Homework save'
24-08-25 17:03:58 | [INFO] aiogram.dispatcher | Start polling
24-08-25 17:03:58 | [INFO] aiogram.dispatcher | Run polling for bot @crocpatbot id=6976486638 - 'Homework save'
24-08-25 17:04:09 | [INFO] aiogram.dispatcher | Start polling
24-08-25 17:04:09 | [INFO] aiogram.dispatcher | Run polling for bot @crocpatbot id=6976486638 - 'Homework save'
24-08-25 17:12:58 | [INFO] aiogram.dispatcher | Start polling
24-08-25 17:12:59 | [INFO] aiogram.dispatcher | Run polling for bot @crocpatbot id=6976486638 - 'Homework save'
24-08-25 17:23:05 | [INFO] aiogram.dispatcher | Start polling
24-08-25 17:23:06 | [INFO] aiogram.dispatcher | Run polling for bot @crocpatbot id=6976486638 - 'Homework save'
24-08-25 17:25:59 | [INFO] aiogram.dispatcher | Start polling
24-08-25 17:25:59 | [INFO] aiogram.dispatcher | Run polling for bot @crocpatbot id=6976486638 - 'Homework save'
24-08-25 17:29:26 | [INFO] aiogram.dispatcher | Start polling
24-08-25 17:29:26 | [INFO] aiogram.dispatcher | Run polling for bot @crocpatbot id=6976486638 - 'Homework save'
24-08-25 17:34:45 | [INFO] aiogram.dispatcher | Start polling
24-08-25 17:34:45 | [INFO] aiogram.dispatcher | Run polling for bot @crocpatbot id=6976486638 - 'Homework save'
24-08-25 17:36:32 | [INFO] aiogram.dispatcher | Start polling
24-08-25 17:36:32 | [INFO] aiogram.dispatcher | Run polling for bot @crocpatbot id=6976486638 - 'Homework save'
24-08-25 17:39:21 | [INFO] aiogram.dispatcher | Start polling
24-08-25 17:39:22 | [INFO] aiogram.dispatcher | Run polling for bot @crocpatbot id=6976486638 - 'Homework save'
24-08-25 17:40:08 | [INFO] aiogram.event | Update id=732060978 is handled. Duration 1703 ms by bot id=6976486638
24-08-25 17:42:15 | [INFO] aiogram.dispatcher | Start polling
24-08-25 17:42:16 | [INFO] aiogram.dispatcher | Run polling for bot @crocpatbot id=6976486638 - 'Homework save'
24-08-25 17:46:14 | [INFO] aiogram.dispatcher | Start polling
24-08-25 17:46:14 | [INFO] aiogram.dispatcher | Run polling for bot @crocpatbot id=6976486638 - 'Homework save'
24-08-25 17:51:31 | [INFO] aiogram.dispatcher | Start polling
24-08-25 17:51:31 | [INFO] aiogram.dispatcher | Run polling for bot @crocpatbot id=6976486638 - 'Homework save'
24-08-25 18:03:55 | [INFO] aiogram.dispatcher | Start polling
24-08-25 18:03:56 | [INFO] aiogram.dispatcher | Run polling for bot @crocpatbot id=6976486638 - 'Homework save'
24-08-25 18:04:43 | [INFO] aiogram.dispatcher | Start polling
24-08-25 18:04:43 | [INFO] aiogram.dispatcher | Run polling for bot @crocpatbot id=6976486638 - 'Homework save'
24-08-25 18:28:17 | [INFO] aiogram.dispatcher | Start polling
24-08-25 18:28:17 | [INFO] aiogram.dispatcher | Run polling for bot @crocpatbot id=6976486638 - 'Homework save'
24-08-25 18:29:26 | [INFO] aiogram.dispatcher | Start polling
24-08-25 18:29:27 | [INFO] aiogram.dispatcher | Run polling for bot @crocpatbot id=6976486638 - 'Homework save'
24-08-25 18:34:01 | [INFO] aiogram.dispatcher | Start polling
24-08-25 18:34:01 | [INFO] aiogram.dispatcher | Run polling for bot @crocpatbot id=6976486638 - 'Homework save'
24-08-25 19:41:53 | [INFO] aiogram.dispatcher | Start polling
24-08-25 19:41:53 | [INFO] aiogram.dispatcher | Run polling for bot @crocpatbot id=6976486638 - 'Homework save'
24-08-25 19:55:17 | [INFO] aiogram.event | Update id=732060979 is handled. Duration 468 ms by bot id=6976486638
24-08-25 19:55:21 | [INFO] aiogram.event | Update id=732060980 is handled. Duration 247 ms by bot id=6976486638
24-08-25 19:55:25 | [INFO] aiogram.event | Update id=732060981 is handled. Duration 364 ms by bot id=6976486638
24-08-25 19:55:36 | [INFO] src.table_data | Пользователь добавил домашнюю работу, Математика Суббота
24-08-25 19:55:37 | [INFO] aiogram.event | Update id=732060982 is handled. Duration 701 ms by bot id=6976486638
24-08-25 22:33:19 | [INFO] aiogram.dispatcher | Start polling
24-08-25 22:33:19 | [INFO] aiogram.dispatcher | Run polling for bot @crocpatbot id=6976486638 - 'Homework save'
24-08-25 22:33:31 | [INFO] aiogram.event | Update id=732060983 is handled. Duration 399 ms by bot id=6976486638
24-08-25 22:33:33 | [INFO] aiogram.event | Update id=732060984 is handled. Duration 261 ms by bot id=6976486638
24-08-25 22:33:34 | [INFO] aiogram.event | Update id=732060985 is handled. Duration 224 ms by bot id=6976486638
24-08-25 22:33:38 | [INFO] src.table_data | Пользователь добавил домашнюю работу, Математика Пятница
24-08-25 22:33:40 | [INFO] aiogram.event | Update id=732060986 is handled. Duration 1427 ms by bot id=6976486638
24-08-25 22:36:04 | [INFO] aiogram.dispatcher | Start polling
24-08-25 22:36:04 | [INFO] aiogram.dispatcher | Run polling for bot @crocpatbot id=6976486638 - 'Homework save'
24-08-25 22:36:05 | [INFO] aiogram.event | Update id=732060987 is handled. Duration 422 ms by bot id=6976486638
24-08-25 22:36:26 | [INFO] aiogram.event | Update id=732060988 is handled. Duration 222 ms by bot id=6976486638
24-08-25 22:36:27 | [INFO] aiogram.event | Update id=732060989 is handled. Duration 216 ms by bot id=6976486638
24-08-25 22:36:28 | [INFO] src.table_data | Пользователь добавил домашнюю работу, География Понедельник
24-08-25 22:36:29 | [INFO] aiogram.event | Update id=732060990 is handled. Duration 1021 ms by bot id=6976486638
24-08-25 22:40:16 | [INFO] aiogram.dispatcher | Start polling
24-08-25 22:40:16 | [INFO] aiogram.dispatcher | Run polling for bot @crocpatbot id=6976486638 - 'Homework save'
24-08-25 22:40:17 | [INFO] aiogram.event | Update id=732060991 is handled. Duration 566 ms by bot id=6976486638
24-08-25 22:40:20 | [INFO] aiogram.event | Update id=732060992 is handled. Duration 244 ms by bot id=6976486638
24-08-25 22:40:20 | [INFO] aiogram.event | Update id=732060993 is handled. Duration 215 ms by bot id=6976486638
24-08-25 22:40:21 | [INFO] src.table_data | <class 'str'>
24-08-25 22:40:21 | [INFO] src.table_data | Пользователь добавил домашнюю работу, Обществознание Среда
24-08-25 22:40:22 | [INFO] aiogram.event | Update id=732060994 is handled. Duration 907 ms by bot id=6976486638
